Frame,root_translateX,root_translateY,root_translateZ,root_rotateX,root_rotateY,root_rotateZ,left_hip_pitch_joint_dof,left_hip_roll_joint_dof,left_hip_yaw_joint_dof,left_knee_joint_dof,left_ankle_pitch_joint_dof,left_ankle_roll_joint_dof,right_hip_pitch_joint_dof,right_hip_roll_joint_dof,right_hip_yaw_joint_dof,right_knee_joint_dof,right_ankle_pitch_joint_dof,right_ankle_roll_joint_dof,waist_yaw_joint_dof,waist_roll_joint_dof,waist_pitch_joint_dof,left_shoulder_pitch_joint_dof,left_shoulder_roll_joint_dof,left_shoulder_yaw_joint_dof,left_elbow_joint_dof,left_wrist_roll_joint_dof,left_wrist_pitch_joint_dof,left_wrist_yaw_joint_dof,right_shoulder_pitch_joint_dof,right_shoulder_roll_joint_dof,right_shoulder_yaw_joint_dof,right_elbow_joint_dof,right_wrist_roll_joint_dof,right_wrist_pitch_joint_dof,right_wrist_yaw_joint_dof
0,0.004380798898637295,2.7090461254119873,78.30951690673828,0.4014717047694013,-6.9936724890286035,-90.29408808856381,12.3931875,6.512568,17.109516,7.384747,-12.168877,-6.6619244,8.913237,-5.14236,2.852011,10.5132885,-12.321628,6.69628,-4.4050226,0.88121736,10.840711,3.4638543,12.597134,-34.48441,60.965412,6.153625,0.9626611,11.065044,0.5587247,-10.567681,30.336458,65.24689,-6.612978,-0.49596167,-14.41822
1,0.004000957123935223,2.708164691925049,78.30915069580078,0.3759610625105179,-6.947228320388195,-90.29947729210505,12.346261,6.544644,17.101091,7.377171,-12.195783,-6.6790247,8.870251,-5.108589,2.8469388,10.484866,-12.304712,6.685568,-4.43054,0.8976149,10.829477,3.487604,12.64608,-34.475002,60.89015,6.170403,0.9908542,11.020653,0.70237315,-10.582409,30.155836,64.93181,-6.689478,-0.5214323,-14.436186
2,-0.0011398819042369723,2.712865114212036,78.31040954589844,0.3511695927010735,-6.907939084582623,-90.30332284170963,12.306088,6.5771823,17.09093,7.373107,-12.225574,-6.697007,8.838379,-5.0754504,2.8395388,10.453137,-12.288771,6.676362,-4.457143,0.9159757,10.818337,3.4965627,12.67669,-34.467003,60.848717,6.1885047,1.0189986,10.979187,0.8398488,-10.596001,29.972286,64.62306,-6.778287,-0.5373661,-14.446848
3,-0.0015271425945684314,2.715843439102173,78.30778503417969,0.32479793593010664,-6.854304329551446,-90.31030365898012,12.250385,6.609698,17.084074,7.3663836,-12.251829,-6.7130947,8.784131,-5.0408325,2.836885,10.428935,-12.271701,6.6640086,-4.476067,0.9374259,10.795615,3.4932375,12.702442,-34.464222,60.81298,6.2050357,1.04021,10.937297,0.98813057,-10.611917,29.790522,64.317215,-6.840956,-0.57359064,-14.472928
4,-0.004625288303941488,2.7170941829681396,78.30870056152344,0.29877293873229055,-6.765248122019512,-90.32467719177743,12.154202,6.644618,17.08448,7.3579645,-12.271698,-6.724848,8.685154,-5.001283,2.8443906,10.401736,-12.241013,6.643594,-4.4673815,0.9668021,10.752349,3.4695926,12.739369,-34.482372,60.761406,6.2146072,1.0455238,10.889894,1.1772366,-10.6431265,29.600668,63.993385,-6.840893,-0.65983754,-14.533191
5,-0.01094734575599432,2.71891188621521,78.31440734863281,0.2686956634179141,-6.637826360727416,-90.34622668115576,12.0146,6.68395,17.091791,7.347647,-12.2858095,-6.7312346,8.534617,-4.9535837,2.8634584,10.37865,-12.197985,6.6123614,-4.465591,1.0047898,10.673745,3.4400094,12.771361,-34.4915,60.707447,6.222014,1.0180777,10.834399,1.3828278,-10.676456,29.447495,63.675365,-6.7513695,-0.8021347,-14.649845
6,-0.017315225675702095,2.7329399585723877,78.3211898803711,0.23622947916442766,-6.482284285600327,-90.37279843080165,11.84317,6.72638,17.104256,7.336538,-12.296016,-6.733657,8.347509,-4.8998713,2.8908043,10.356415,-12.145018,6.5734367,-4.445107,1.0524365,10.578502,3.4024425,12.817273,-34.5201,60.63203,6.2200966,0.9688854,10.770302,1.6300387,-10.732799,29.288696,63.319035,-6.6055136,-0.98420566,-14.799307
7,-0.0225963294506073,2.7522377967834473,78.33030700683594,0.20375170595349115,-6.297868658555062,-90.40664323840905,11.638426,6.767945,17.12386,7.320704,-12.297236,-6.7332883,8.123944,-4.845482,2.9261487,10.328628,-12.080508,6.5309415,-4.4296165,1.0998406,10.465408,3.352367,12.858399,-34.52353,60.55144,6.2266912,0.9241194,10.7104025,1.8791013,-10.789249,29.170397,63.001915,-6.405624,-1.2066903,-14.965717
8,-0.025709202513098717,2.7719271183013916,78.34288787841797,0.17775428811840274,-6.082748560014987,-90.45048027954982,11.398829,6.803074,17.15356,7.2954125,-12.283708,-6.7309694,7.854592,-4.7966843,2.970524,10.30569,-12.011433,6.489484,-4.4070306,1.1419916,10.346419,3.281165,12.903365,-34.49771,60.449944,6.246757,0.9118113,10.663118,2.1370459,-10.857074,29.09109,62.734306,-6.1645937,-1.4694138,-15.122357
9,-0.025447063148021698,2.796764850616455,78.35408782958984,0.15633393541340918,-5.8275963684729515,-90.50935290634396,11.115962,6.8320603,17.197672,7.2560663,-12.253333,-6.726696,7.5313706,-4.753107,3.0279794,10.276951,-11.931066,6.446846,-4.3765073,1.1828188,10.2263365,3.2096217,12.970513,-34.419003,60.278923,6.2880654,0.9488972,10.625295,2.4187105,-10.970459,29.067678,62.482723,-5.8272586,-1.8104686,-15.254124
10,-0.028129983693361282,2.8312761783599854,78.36512756347656,0.137944981654734,-5.53630310014288,-90.58058097838236,10.793222,6.8570857,17.253649,7.2072153,-12.2099495,-6.7198505,7.158553,-4.7119927,3.0970008,10.246347,-11.840891,6.402939,-4.345689,1.2203487,10.090538,3.1243572,13.035063,-34.294926,60.08789,6.348234,1.0165873,10.59735,2.6977582,-11.090304,29.09698,62.288383,-5.409108,-2.2187498,-15.381317
11,-0.037734877318143845,2.872037887573242,78.38090515136719,0.12489810335149701,-5.228007434075348,-90.65431536383774,10.450827,6.875344,17.313295,7.1492677,-12.152338,-6.710727,6.7649155,-4.6770663,3.1683362,10.208537,-11.741485,6.3652,-4.322698,1.2522389,9.95503,3.0177548,13.101866,-34.158302,59.89369,6.411639,1.0916176,10.579104,2.9885602,-11.2178335,29.158325,62.13263,-5.0109606,-2.6148024,-15.511213
12,-0.04891151189804077,2.919658660888672,78.39701080322266,0.122124349846245,-4.921856752839847,-90.72124657077865,10.108003,6.883701,17.368877,7.0870805,-12.0827265,-6.699462,6.376261,-4.652232,3.2331927,10.163347,-11.635381,6.340364,-4.317682,1.274386,9.835704,2.8851497,13.177051,-34.03895,59.71113,6.463848,1.1507603,10.570386,3.302887,-11.352554,29.233461,62.000248,-4.7332716,-2.9186766,-15.654421
13,-0.06321489065885544,2.9658193588256836,78.4107437133789,0.1290758278725496,-4.618544673124424,-90.78388013010161,9.763804,6.8815317,17.424831,7.0244756,-12.001383,-6.686299,5.9892106,-4.639442,3.2940984,10.117464,-11.526124,6.3375306,-4.3284163,1.283691,9.734639,2.726791,13.265319,-33.945354,59.547504,6.485652,1.1867243,10.57531,3.641452,-11.492905,29.324463,61.885235,-4.6232195,-3.091971,-15.827247
14,-0.07645455002784729,3.020339250564575,78.42073822021484,0.16444112072277414,-4.303590324239799,-90.85075839454441,9.378291,6.857994,17.48553,7.017148,-11.939153,-6.6682057,5.45249,-4.648646,3.371729,10.351207,-11.559772,6.353822,-4.3436112,1.263462,9.637503,2.5475829,13.369128,-33.86427,59.38789,6.488261,1.2126334,10.5916395,4.0011396,-11.63839,29.435963,61.793396,-4.6205974,-3.1824102,-16.021126
15,-0.09482177346944809,3.073342800140381,78.42949676513672,0.23082873377805727,-3.982073288202258,-90.9136197717089,8.98091,6.799968,17.543436,7.0078244,-11.867742,-6.6443906,4.7325945,-4.6808424,3.4646246,10.955677,-11.786217,6.372466,-4.368112,1.2098001,9.545827,2.3488536,13.490661,-33.79143,59.212784,6.50387,1.2360505,10.609739,4.3859196,-11.790801,29.554066,61.729607,-4.6651263,-3.239284,-16.210562
16,-0.11456536501646042,3.1250662803649902,78.4393539428711,0.2892073005254418,-3.6682595180907422,-90.95414354329885,8.583301,6.7496347,17.576267,6.9990816,-11.790305,-6.619344,4.0653796,-4.7070465,3.534159,11.476182,-11.967077,6.37236,-4.4166927,1.1622778,9.4748335,2.1306648,13.630332,-33.723972,59.00206,6.563513,1.2646288,10.620395,4.7993274,-11.953758,29.663021,61.69705,-4.696743,-3.3126352,-16.368765
17,-0.14365127682685852,3.1866047382354736,78.4441146850586,0.34214845977379577,-3.36530149149478,-90.97020909097105,8.187963,6.7070203,17.580133,6.9919524,-11.708404,-6.5923343,3.440397,-4.7262144,3.5808165,11.945291,-12.122182,6.3455086,-4.490412,1.1204301,9.4251585,1.8960041,13.788513,-33.659855,58.74482,6.6907277,1.3101821,10.612332,5.2448683,-12.131178,29.770693,61.7025,-4.705946,-3.4263859,-16.492868
18,-0.17405082285404205,3.2425851821899414,78.44950866699219,0.3922195365654047,-3.0685000545156718,-90.9676185234469,7.791969,6.6661816,17.563047,6.9848523,-11.620216,-6.5632124,2.836037,-4.7432146,3.6111243,12.393104,-12.264795,6.3013906,-4.5853963,1.0794753,9.394657,1.644477,13.965403,-33.601635,58.450886,6.86348,1.3654525,10.592975,5.7218647,-12.3243265,29.880617,61.737217,-4.7218657,-3.550201,-16.594915
19,-0.20222145318984985,3.2962779998779297,78.46065521240234,0.4457368388234753,-2.7700639477066855,-90.95072574262306,7.3867803,6.622207,17.531103,6.977146,-11.523216,-6.5319715,2.2324183,-4.763918,3.628591,12.837125,-12.403329,6.249694,-4.697081,1.0377492,9.379464,1.3700713,14.160825,-33.554764,58.134182,7.044855,1.4092394,10.581232,6.2295394,-12.532082,29.971418,61.78241,-4.742451,-3.652781,-16.671095
20,-0.23503927886486053,3.3592331409454346,78.47225189208984,0.5058364091517176,-2.462222071295359,-90.92343950839225,6.964128,6.570132,17.490324,6.970673,-11.417336,-6.4984694,1.6096137,-4.7939706,3.6366374,13.295547,-12.546478,6.2003503,-4.8202105,0.99397,9.376097,1.0660373,14.374136,-33.526108,57.809425,7.19701,1.4205203,10.59623,6.7679443,-12.750694,30.021084,61.818085,-4.7651286,-3.7025654,-16.717632
21,-0.2677167057991028,3.428396224975586,78.47986602783203,0.5748726937335277,-2.1430871075266147,-90.88410545884146,6.5220566,6.508424,17.439342,6.962646,-11.299619,-6.464085,0.9654256,-4.834628,3.6319427,13.76805,-12.69569,6.1530237,-4.9559984,0.9476802,9.384511,0.72551274,14.605933,-33.528214,57.4842,7.3036847,1.3825175,10.652247,7.3309107,-12.977044,30.019558,61.84975,-4.8112597,-3.668354,-16.720186
22,-0.3047543466091156,3.50075364112854,78.484375,0.6473380294696837,-1.816547174561257,-90.83097647968555,6.0577292,6.4435434,17.374985,6.969465,-11.180029,-6.4277654,0.3066073,-4.881696,3.6138358,14.252022,-12.849406,6.1033645,-5.105185,0.90017503,9.40539,0.35280138,14.856155,-33.556564,57.150738,7.386613,1.310283,10.736194,7.9197106,-13.210162,29.977652,61.887173,-4.8758283,-3.5747309,-16.685535
23,-0.33879199624061584,3.583812713623047,78.47482299804688,0.7120303150067849,-1.4839968064537188,-90.76582031723363,5.5568404,6.3951306,17.29637,7.0296583,-11.080369,-6.387842,-0.3894393,-4.9208827,3.587432,14.799441,-13.032205,6.055947,-5.265029,0.8644751,9.43708,-0.042540323,15.122622,-33.591034,56.80265,7.465077,1.2305743,10.8264675,8.543245,-13.449833,29.906576,61.919876,-4.91624,-3.4742093,-16.641537
24,-0.37650662660598755,3.661823272705078,78.46649932861328,0.7807973446270928,-1.1476223147931262,-90.69623340500031,5.0479784,6.342064,17.214697,7.0914116,-10.97539,-6.340065,-1.1058879,-4.96464,3.5644557,15.379,-13.224645,6.014512,-5.427438,0.8278464,9.476803,-0.45232338,15.401931,-33.611324,56.434917,7.5574784,1.1699582,10.901524,9.212375,-13.695959,29.816656,61.935066,-4.890427,-3.4191744,-16.615671
25,-0.4151490032672882,3.749143600463867,78.45620727539062,0.8579574883311046,-0.8078081553700933,-90.62328720113241,4.4628463,6.304166,17.124437,7.3090224,-10.9449415,-6.278229,-1.8467664,-5.0138016,3.548558,15.999695,-13.427842,5.9834676,-5.590142,0.78875583,9.524914,-0.8843877,15.691834,-33.62118,56.052414,7.6709237,1.137041,10.954457,9.929876,-13.949809,29.713743,61.940243,-4.745665,-3.4370673,-16.62402
26,-0.4573310315608978,3.8242123126983643,78.44477081298828,0.9403076705747248,-0.4638974773018198,-90.54460503499372,3.733679,6.302578,17.015177,7.8266153,-11.067136,-6.206262,-2.604209,-5.068503,3.534505,16.642633,-13.637671,5.9598975,-5.7566085,0.7483655,9.581841,-1.3421273,15.991897,-33.628815,55.659782,7.7943587,1.1169014,10.997394,10.69062,-14.2120905,29.590618,61.93829,-4.518073,-3.4954236,-16.648766
27,-0.5045251250267029,3.900822162628174,78.42877197265625,1.0254066711804533,-0.11556467336903174,-90.45959274993209,2.974745,6.3031483,16.897238,8.390335,-11.208614,-6.13428,-3.3843925,-5.126343,3.519605,17.322,-13.861849,5.9367423,-5.9302163,0.7098764,9.645428,-1.8074728,16.30081,-33.61755,55.248863,7.923278,1.1010367,11.037198,11.492814,-14.480753,29.43919,61.910095,-4.2972617,-3.5568287,-16.66777
28,-0.5456128120422363,3.997513771057129,78.40380096435547,1.1119395785920514,0.23731937715127568,-90.36765441486696,2.1873693,6.3075676,16.768158,8.995307,-11.369004,-6.0730286,-4.1867905,-5.1854434,3.500459,18.03817,-14.10352,5.9071813,-6.114761,0.67503285,9.71308,-2.2631814,16.617376,-33.570152,54.81363,8.052705,1.0811759,11.080977,12.33112,-14.75352,29.251835,61.84141,-4.1734567,-3.5837643,-16.660025
29,-0.5928848385810852,4.088181018829346,78.37313079833984,1.2005008150865182,0.5959981909427208,-90.27160203838805,1.3745587,6.312677,16.630411,9.632963,-11.546648,-6.0242434,-5.017841,-5.246439,3.4809098,18.799147,-14.364481,5.8675995,-6.3110805,0.6418717,9.784256,-2.7042704,16.940897,-33.47206,54.349293,8.194612,1.0561587,11.131329,13.20704,-15.028462,29.0175,61.733246,-4.175513,-3.5615988,-16.615257
30,-0.638769268989563,4.173055648803711,78.34313201904297,1.2933231973006585,0.9598906016019068,-90.17085659969902,0.53501123,6.3172045,16.484404,10.309423,-11.743504,-5.9810796,-5.8749847,-5.3110523,3.4617836,19.600624,-14.643599,5.8228784,-6.516983,0.6086216,9.859819,-3.141576,17.271608,-33.336082,53.86272,8.347242,1.0301532,11.184473,14.122072,-15.304744,28.741741,61.592846,-4.2539706,-3.5119774,-16.54677
31,-0.6909604072570801,4.2649993896484375,78.30450439453125,1.3877001166631895,1.3265423148082078,-90.06010391693091,-0.33453488,6.3249707,16.324703,11.036283,-11.960623,-5.9411263,-6.7479672,-5.378601,3.4356322,20.432018,-14.938465,5.778151,-6.7317085,0.5780007,9.939927,-3.5811923,17.61007,-33.185387,53.364063,8.485429,1.0023139,11.23767,15.071964,-15.581131,28.441513,61.413593,-4.380704,-3.451735,-16.46862
32,-0.7491557002067566,4.345813274383545,78.26181030273438,1.4814176785834676,1.693530306591513,-89.93376343785316,-1.2417645,6.3411045,16.145197,11.833587,-12.203707,-5.902514,-7.62535,-5.447991,3.3944097,21.279613,-15.246967,5.7382417,-6.954962,0.553128,10.0245495,-4.028897,17.957018,-33.043247,52.862904,8.5836935,0.971744,11.28819,16.052393,-15.8559265,28.135427,61.18946,-4.5271683,-3.3976002,-16.395378
33,-0.815455436706543,4.424643516540527,78.21070098876953,1.5755546331407306,2.067789914463206,-89.78807169283554,-2.2017555,6.365379,15.938183,12.713693,-12.475098,-5.8648057,-8.512368,-5.522137,3.3338094,22.13973,-15.568704,5.7063694,-7.1877656,0.53416455,10.1054,-4.4923124,18.312777,-32.9211,52.36364,8.617418,0.9403284,11.331929,17.066792,-16.127827,27.823153,60.93144,-4.7236953,-3.338625,-16.323206
34,-0.8743926882743835,4.510891914367676,78.15396118164062,1.6710759617970379,2.4482431793118864,-89.62662549009973,-3.2043278,6.394103,15.708901,13.659062,-12.7711115,-5.828003,-9.414166,-5.600843,3.259029,23.022438,-15.906151,5.67878,-7.429526,0.5194729,10.185131,-4.9670424,18.677044,-32.806046,51.860703,8.605873,0.90779686,11.371383,18.116755,-16.395214,27.495827,60.638718,-4.972905,-3.2714202,-16.246801
35,-0.9470238089561462,4.5989990234375,78.08855438232422,1.7663068907407788,2.8209092617695193,-89.45507478743856,-4.2266026,6.4293656,15.469052,14.658468,-13.08925,-5.7917356,-10.31774,-5.679933,3.176707,23.931814,-16.259977,5.6497793,-7.677321,0.50744516,10.279185,-5.4406414,19.049799,-32.684395,51.34832,8.589766,0.87028635,11.41358,19.190962,-16.658117,27.157145,60.291946,-5.2062173,-3.2233808,-16.179602
36,-1.0137073993682861,4.698066711425781,78.0113296508789,1.8587395089447967,3.1722751945122103,-89.2791427437586,-5.2423625,6.4729466,15.230758,15.693677,-13.425305,-5.7566414,-11.21081,-5.7542553,3.0932002,24.872738,-16.631018,5.6136727,-7.929023,0.49695468,10.403243,-5.8998456,19.431446,-32.54127,50.819725,8.610347,0.8240044,11.46547,20.278425,-16.917398,26.811762,59.871002,-5.355148,-3.2217395,-16.135033
37,-1.084665060043335,4.790595054626465,77.9287109375,1.9462139398378209,3.501462057187089,-89.0991300392086,-6.25367,6.528709,14.995261,16.768602,-13.781089,-5.719314,-12.094958,-5.8210626,3.009257,25.849497,-17.019682,5.569957,-8.18889,0.4880484,10.558895,-6.339452,19.82281,-32.365067,50.27527,8.676459,0.7594863,11.523155,21.384842,-17.174719,26.45069,59.37973,-5.363227,-3.282224,-16.091185
38,-1.167015790939331,4.879045009613037,77.83646392822266,2.0299324153817064,3.8153277692289937,-88.91234508783552,-7.27237,6.595047,14.756367,17.889671,-14.157249,-5.681895,-12.973545,-5.883072,2.9213068,26.854202,-17.425098,5.520872,-8.457641,0.48165932,10.738903,-6.7653713,20.22433,-32.16408,49.715305,8.7675495,0.68159276,11.584713,22.514374,-17.4306,26.075724,58.823746,-5.2791057,-3.3872132,-16.048822
39,-1.2515455484390259,4.966646194458008,77.731201171875,2.1121429589341694,4.111321828987793,-88.72013570650068,-8.284343,6.6661973,14.514325,19.034412,-14.544706,-5.6542063,-13.843131,-5.943552,2.829516,27.886662,-17.847057,5.464914,-8.727647,0.4773043,10.945531,-7.1824803,20.636063,-31.954939,49.13501,8.878125,0.6081816,11.660129,23.65237,-17.683954,25.707956,58.186783,-5.191775,-3.5134752,-16.056452
40,-1.3403505086898804,5.0491042137146,77.62220764160156,2.1958988827889288,4.386918317013845,-88.52383553827464,-9.274978,6.7358613,14.270177,20.18141,-14.935181,-5.645938,-14.6985445,-6.005893,2.7340817,28.942156,-18.287376,5.4007244,-8.991624,0.4740887,11.180731,-7.5938225,21.057583,-31.75265,48.528725,9.004569,0.55699956,11.759475,24.782751,-17.932407,25.37021,57.454975,-5.1904707,-3.6382725,-16.163235
41,-1.4328997135162354,5.135045528411865,77.50541687011719,2.2815243270313434,4.633653604694138,-88.32464411481162,-10.230849,6.8034163,14.02643,21.323122,-15.327483,-5.6671753,-15.5296,-6.0713344,2.6344874,30.020914,-18.74805,5.322739,-9.248656,0.47017205,11.453329,-8.004124,21.48944,-31.56195,47.891018,9.156017,0.53667814,11.885714,25.918037,-18.175568,25.071363,56.6139,-5.285601,-3.7635825,-16.40495
42,-1.5246531963348389,5.229332447052002,77.37614440917969,2.3680266868035953,4.855674306164618,-88.12170560029853,-11.161718,6.8716125,13.783253,22.468876,-15.72378,-5.7117643,-16.342361,-6.1380954,2.531776,31.125307,-19.228577,5.2329283,-9.501547,0.46501514,11.7591915,-8.4110565,21.932116,-31.375677,47.226864,9.330604,0.53678,12.033426,27.059336,-18.414278,24.798672,55.677303,-5.43516,-3.8982491,-16.74864
43,-1.6191065311431885,5.31458854675293,77.2357406616211,2.4549759503976283,5.068880315236099,-87.91310512200937,-12.093871,6.939669,13.534733,23.633026,-16.126894,-5.7634745,-17.1518,-6.206714,2.4261227,32.24684,-19.72138,5.1424584,-9.75047,0.46074238,12.080416,-8.804582,22.38423,-31.188396,46.54419,9.509158,0.54639345,12.199623,28.175013,-18.645393,24.545998,54.67291,-5.6487966,-4.029445,-17.140877
44,-1.7286988496780396,5.394888877868652,77.08547973632812,2.5425022074459376,5.289143123185221,-87.69697059005176,-13.050016,7.0062885,13.2762985,24.822588,-16.537722,-5.8060837,-17.972559,-6.2773576,2.3185098,33.37714,-20.219341,5.062179,-9.994991,0.45938286,12.398533,-9.177482,22.843653,-30.996504,45.85503,9.671109,0.55447036,12.381646,29.231268,-18.86313,24.307268,53.63215,-5.9367447,-4.1443925,-17.52912
45,-1.8416632413864136,5.480264663696289,76.92991638183594,2.636417067299354,5.516472195386137,-87.46548766616242,-14.036995,7.0633416,13.001752,26.04615,-16.952574,-5.8329253,-18.803751,-6.359153,2.2059286,34.517544,-20.726421,5.0052366,-10.239391,0.45251638,12.710744,-9.538946,23.310326,-30.801184,45.168587,9.80256,0.55582136,12.573147,30.23522,-19.063513,24.093725,52.551144,-6.3315673,-4.2392354,-17.898952
46,-1.9546868801116943,5.566357612609863,76.76199340820312,2.7345862497684625,5.7437968010677425,-87.22200194800757,-15.041688,7.1135855,12.7152815,27.295593,-17.372255,-5.853542,-19.638771,-6.4491687,2.088924,35.671227,-21.24445,4.9621344,-10.4806795,0.4411934,13.025404,-9.891709,23.784496,-30.60555,44.47963,9.917152,0.55717546,12.777648,31.19587,-19.24634,23.905947,51.42351,-6.8186927,-4.3195286,-18.280056
47,-2.069859266281128,5.6442975997924805,76.58387756347656,2.8254713649758387,5.9763333146375945,-86.98154582017814,-16.063063,7.173188,12.427012,28.567936,-17.802835,-5.8751755,-20.486282,-6.5289803,1.9739918,36.83647,-21.76473,4.909761,-10.7085085,0.4429178,13.340646,-10.217096,24.262995,-30.406391,43.77862,10.037128,0.56513834,13.007385,32.082813,-19.410072,23.722567,50.27533,-7.337299,-4.386965,-18.685299
48,-2.185019016265869,5.733553409576416,76.39766693115234,2.8970426873329425,6.219502044384918,-86.75911666504837,-17.100042,7.2586303,12.146348,29.859806,-18.250175,-5.904904,-21.352753,-6.579739,1.8671792,38.00774,-22.276785,4.8248987,-10.912288,0.47617462,13.654272,-10.498938,24.740456,-30.201508,43.059437,10.183997,0.58682674,13.275108,32.865295,-19.552082,23.521606,49.134235,-7.8261805,-4.4439116,-19.12751
49,-2.29613995552063,5.814691066741943,76.19947814941406,2.946747088513699,6.4780191146622865,-86.55328463857263,-18.161474,7.371946,11.870171,31.17806,-18.723093,-5.9417353,-22.249178,-6.5984716,1.7673941,39.19891,-22.786972,4.6896563,-11.091615,0.5480741,13.960804,-10.748475,25.214626,-30.00181,42.330723,10.354052,0.6138199,13.577963,33.546486,-19.672447,23.323618,48.00911,-8.235464,-4.496067,-19.619558
50,-2.4134743213653564,5.894612789154053,75.9910888671875,2.980475345877848,6.748019597500571,-86.35799427319316,-19.24451,7.5045443,11.59432,32.5206,-19.215618,-5.982453,-23.167921,-6.594147,1.6718994,40.40564,-23.296574,4.5201783,-11.2507305,0.6494194,14.262453,-10.972655,25.684929,-29.805355,41.5979,10.539148,0.6460668,13.911844,34.139286,-19.77103,23.13174,46.885628,-8.609216,-4.540234,-20.151594
51,-2.5354714393615723,5.968902111053467,75.77674102783203,2.999618453644564,7.0224479750504125,-86.18132417965202,-20.333075,7.6594462,11.326101,33.875072,-19.71266,-6.0311103,-24.090532,-6.565905,1.5841886,41.60282,-23.792267,4.344265,-11.384798,0.7743854,14.568748,-11.147072,26.146118,-29.589897,40.851044,10.756092,0.7034144,14.28747,34.626076,-19.843441,22.89654,45.758442,-9.027533,-4.5648394,-20.702684
52,-2.6585776805877686,6.04370641708374,75.5547866821289,3.005246536651935,7.2942386331518945,-86.03135300809973,-21.410267,7.839818,11.072884,35.227917,-20.19861,-6.0922823,-24.998802,-6.512456,1.5073069,42.766052,-24.260876,4.1895137,-11.487968,0.91788185,14.8882265,-11.2490835,26.589308,-29.333017,40.08473,11.022831,0.80577326,14.716062,34.988617,-19.881516,22.569452,44.62387,-9.570741,-4.5572414,-21.251562
53,-2.7781057357788086,6.117284774780273,75.32573699951172,3.0013420923389056,7.575696565022871,-85.90300619716815,-22.479124,8.035959,10.833248,36.555355,-20.677994,-6.1748385,-25.909586,-6.44241,1.4403393,43.89885,-24.697287,4.0648327,-11.55963,1.0857013,15.208305,-11.29702,27.01012,-29.049612,39.298058,11.387356,0.99177766,15.212982,35.246155,-19.879204,22.127678,43.478546,-10.303687,-4.5125647,-21.757345
54,-2.9018492698669434,6.188876628875732,75.09153747558594,2.985447613709696,7.8660031257792875,-85.7945638709756,-23.54687,8.250512,10.603649,37.87241,-21.156452,-6.2745075,-26.826035,-6.3533144,1.3812346,45.012848,-25.110003,3.9544928,-11.597895,1.2795728,15.52723,-11.302806,27.405676,-28.749681,38.50574,11.825965,1.2417125,15.768088,35.39682,-19.8341,21.599222,42.332764,-11.170009,-4.43587,-22.24318
55,-3.0287363529205322,6.255795955657959,74.86096954345703,2.949003069333531,8.13811365189922,-85.71934530095956,-24.598577,8.503929,10.388212,39.215626,-21.617039,-6.3763227,-27.706488,-6.2270565,1.3300747,46.090485,-25.503218,3.8490145,-11.594438,1.4885342,15.868704,-11.241353,27.768574,-28.408083,37.73237,12.245804,1.4869802,16.354227,35.388336,-19.745327,21.009756,41.207275,-12.068447,-4.328068,-22.784481
56,-3.154547929763794,6.314868450164795,74.6254653930664,2.8827034911713927,8.365214857756053,-85.69057212116316,-25.618874,8.81687,10.189632,40.619263,-22.04089,-6.465102,-28.509182,-6.0456467,1.2866137,47.11355,-25.88116,3.7392843,-11.542669,1.7025712,16.256413,-11.08662,28.089,-27.99672,37.003593,12.557111,1.6565574,16.946447,35.16951,-19.613268,20.387213,40.12074,-12.897026,-4.1891284,-23.456953
57,-3.2850141525268555,6.376551151275635,74.39012908935547,2.768491852449721,8.554387189303647,-85.71741964314931,-26.586103,9.211611,10.013959,42.037437,-22.466784,-6.5598383,-29.233639,-5.784829,1.2473263,48.065865,-26.240925,3.628133,-11.439819,1.9475293,16.691422,-10.825366,28.363205,-27.501854,36.306522,12.751321,1.7183887,17.556604,34.76041,-19.433619,19.69829,39.079098,-13.675585,-4.017443,-24.288994
58,-3.4238193035125732,6.418082237243652,74.15909576416016,2.6155861410941363,8.715077057903644,-85.79117359337933,-27.512442,9.672041,9.854872,43.4657,-22.887817,-6.661258,-29.897505,-5.460957,1.2115632,48.960896,-26.581438,3.518551,-11.288484,2.220973,17.160309,-10.480603,28.589628,-26.944546,35.643875,12.872848,1.7126184,18.193293,34.172062,-19.205706,18.941916,38.077843,-14.441664,-3.8094013,-25.237541
59,-3.5640294551849365,6.459953784942627,73.92977905273438,2.4540172035848813,8.823177773372446,-85.89896555988646,-28.432825,10.163973,9.6989565,45.002357,-23.218319,-6.7282186,-30.487095,-5.113821,1.185477,49.82509,-26.909946,3.4012651,-11.088894,2.4708781,17.66453,-10.079821,28.758944,-26.34736,35.065594,12.916161,1.6748471,18.826895,33.34772,-18.942425,18.189335,37.113705,-15.120481,-3.5647266,-26.270603
60,-3.706867218017578,6.496674537658691,73.70531463623047,2.314080978828301,8.855190497712696,-86.02741277319184,-29.379585,10.652602,9.533598,46.74037,-23.369942,-6.7197666,-30.98901,-4.7826424,1.1760744,50.684708,-27.23377,3.2674146,-10.8434725,2.6474743,18.206175,-9.653902,28.858322,-25.73243,34.626354,12.875053,1.6400533,19.427958,32.238213,-18.668373,17.50953,36.174164,-15.635598,-3.2867,-27.35616
61,-3.847385883331299,6.529965877532959,73.48887634277344,2.1872744856056774,8.813500736982148,-86.19379260264171,-30.32766,11.159724,9.388366,48.67661,-23.397306,-6.6204724,-31.414213,-4.4504633,1.1901505,51.546074,-27.5439,3.103401,-10.538288,2.761887,18.783558,-9.198253,28.871574,-25.079006,34.33677,12.695538,1.5761019,19.99769,30.838684,-18.405052,16.951817,35.2906,-15.791428,-2.9825976,-28.5528
62,-3.991931200027466,6.561233043670654,73.28298950195312,2.062085137636932,8.707355520413875,-86.39815112067565,-31.266016,11.694629,9.258559,50.762077,-23.316853,-6.4552207,-31.764936,-4.103519,1.2222967,52.39478,-27.838074,2.9181697,-10.18511,2.8410585,19.39449,-8.70459,28.793262,-24.380426,34.18089,12.403126,1.4743061,20.549355,29.188618,-18.161053,16.467768,34.43933,-15.678621,-2.6589794,-29.854893
63,-4.12653923034668,6.589677810668945,73.0904769897461,1.9639174070809151,8.523136955780396,-86.60158809985616,-32.248158,12.203726,9.082549,53.020603,-22.980913,-6.2430835,-32.010605,-3.7855468,1.2617886,53.21785,-28.135204,2.736988,-9.824438,2.85894,20.041904,-8.1937895,28.630438,-23.679857,34.167213,12.108671,1.4070692,21.072393,27.310476,-17.937292,15.98159,33.522705,-15.65128,-2.3103764,-31.131031
64,-4.2578864097595215,6.624756813049316,72.90784454345703,1.9183618574183612,8.24770447174365,-86.76526072503839,-33.326847,12.631734,8.801265,55.471745,-22.24319,-6.0018373,-32.12325,-3.5413985,1.2990396,54.005867,-28.450632,2.5852728,-9.490617,2.7856734,20.729572,-7.6873493,28.398487,-23.024166,34.301865,11.919597,1.449412,21.557125,25.223482,-17.729267,15.412987,32.44781,-16.067696,-1.915666,-32.2472
65,-4.4045562744140625,6.650033473968506,72.73625183105469,1.94022629074429,7.879119127941345,-86.87905564358523,-34.52024,12.959817,8.386552,58.168434,-21.04854,-5.7538395,-32.09686,-3.3894093,1.3351305,54.751266,-28.784168,2.47719,-9.192685,2.5938833,21.457075,-7.172698,28.101753,-22.392727,34.579147,11.877459,1.6567689,22.01614,22.93732,-17.526707,14.735774,31.182537,-17.081896,-1.43921,-33.124767
66,-4.549055099487305,6.677865028381348,72.58985900878906,2.0131459126173255,7.423600821076674,-86.96466575635385,-35.79576,13.219315,7.8815126,61.075146,-19.474432,-5.4798517,-31.945131,-3.302856,1.3745408,55.459328,-29.127293,2.3971512,-8.900362,2.300167,22.22172,-6.6496453,27.741156,-21.782352,35.001366,11.916683,1.9799387,22.449553,20.445847,-17.334154,13.97963,29.783796,-18.491276,-0.89056635,-33.841923
67,-4.694631099700928,6.708681583404541,72.45352935791016,2.1180116175251418,6.880381389508802,-87.03098147517524,-37.1373,13.43305,7.3357177,64.09234,-17.570261,-5.134004,-31.666689,-3.2600546,1.4133244,56.133522,-29.481936,2.3256137,-8.59344,1.9380997,23.023687,-6.1464686,27.33426,-21.258383,35.57668,11.983746,2.3379369,22.830523,17.7393,-17.177734,13.153555,28.291178,-20.119902,-0.30926698,-34.496967
68,-4.842402935028076,6.72766637802124,72.33277893066406,2.234794718176849,6.248587963412841,-87.0868885978858,-38.52943,13.627573,6.800142,67.12264,-15.380414,-4.6706843,-31.26106,-3.239807,1.448083,56.77993,-29.851877,2.2425213,-8.260263,1.5417053,23.864122,-5.6759434,26.907389,-20.875967,36.299957,12.022102,2.6488872,23.132435,14.802522,-17.09207,12.281011,26.740585,-21.786373,0.26517004,-35.189674
69,-4.984187126159668,6.74033260345459,72.2242660522461,2.3681228166555264,5.5092843834084695,-87.1136006294378,-40.00841,13.834656,6.304621,70.17736,-12.48399,-3.990283,-30.703106,-3.2567668,1.4643853,57.396862,-30.246939,2.1367598,-7.9254913,1.0974312,24.765982,-5.214121,26.47397,-20.600035,37.15916,12.047858,2.916075,23.363281,11.629539,-17.09018,11.390107,25.067984,-23.536224,0.82906926,-35.94169
70,-5.128658771514893,6.7565484046936035,72.11483764648438,2.5218253637006818,4.667556878443079,-87.11724834539693,-41.57293,14.067,5.8362217,73.29082,-8.982391,-3.1198568,-29.99918,-3.3126109,1.4684364,57.981297,-30.661858,2.0199878,-7.596535,0.58905566,25.719496,-4.7254663,26.03788,-20.393871,38.134533,12.07671,3.1751223,23.53053,8.222572,-17.179598,10.488761,23.280869,-25.430384,1.4063809,-36.69344
71,-5.264369010925293,6.762694358825684,72.00228881835938,2.6786265575261266,3.759512104595479,-87.14115794506235,-43.150764,14.294006,5.3636036,76.41422,-5.723918,-2.2301664,-29.200748,-3.3697042,1.4887942,58.543636,-31.081535,1.9073919,-7.250734,0.044647437,26.67396,-4.1945496,25.613943,-20.301748,39.203476,12.048835,3.3917477,23.607542,4.5575953,-17.391754,9.594469,21.533867,-27.307713,1.995115,-37.428215
72,-5.383932590484619,6.763179779052734,71.89119720458984,2.827974315154446,2.824124704587247,-87.22384925761513,-44.659775,14.427495,4.832294,79.49892,-3.5659294,-1.5399907,-28.355694,-3.3976529,1.5542692,59.079308,-31.481358,1.8149613,-6.879485,-0.5072467,27.579126,-3.593119,25.2188,-20.35973,40.32841,11.900282,3.5308645,23.566307,0.6047009,-17.762392,8.743672,19.975843,-28.998468,2.5873463,-38.131542
73,-5.490015983581543,6.750065803527832,71.7835922241211,2.9725867291069545,1.8604610437722335,-87.37089925460555,-46.05256,14.332163,4.166148,82.58332,-2.9984152,-1.1850399,-27.461195,-3.3940914,1.6738452,59.588863,-31.868872,1.7530212,-6.4991927,-1.0635241,28.419605,-2.8924274,24.860193,-20.566736,41.514053,11.531935,3.5474648,23.387974,-3.6920645,-18.304235,8.029391,18.635475,-30.431326,3.1680272,-38.82721
74,-5.5903191566467285,6.722210884094238,71.68365478515625,3.1239193105306926,0.8541241038133374,-87.55811471056272,-47.37418,14.030814,3.4126256,85.69954,-3.4955873,-1.0661519,-26.498318,-3.3828304,1.8314216,60.072945,-32.251778,1.7134013,-6.137335,-1.635208,29.217796,-2.0766068,24.532766,-20.882845,42.743828,10.997633,3.4730566,23.084768,-8.342722,-19.002563,7.4833674,17.467125,-31.687408,3.73683,-39.522003
75,-5.669591426849365,6.694315433502197,71.58928680419922,3.288111141714548,-0.13878887644118762,-87.7756674597125,-48.73244,13.660485,2.6913364,88.80973,-4.395507,-1.0585873,-25.542686,-3.3785043,2.0217628,60.544468,-32.610455,1.6861123,-5.810736,-2.2162652,29.793802,-1.1171138,24.212025,-21.33917,44.059948,10.44838,3.3863978,22.657732,-13.34729,-19.83287,7.115444,16.681269,-32.816746,4.2968054,-40.18129
76,-5.7401933670043945,6.650832176208496,71.49523162841797,3.4759661919669163,-1.0276962357866923,-88.01346480010665,-50.280895,13.382539,2.1091712,91.85965,-5.017101,-1.0245486,-24.713352,-3.393735,2.2416694,61.021145,-32.92073,1.6609174,-5.5355706,-2.7831326,29.793802,0.014220119,23.82863,-22.031914,45.62733,10.024069,3.3646495,22.09556,-18.71208,-20.743502,6.9943624,16.630604,-33.871037,4.847287,-40.783962
77,-5.801830291748047,6.605103492736816,71.40721893310547,3.6637750595885996,-1.9220024846999542,-88.29653417291726,-51.908215,13.282123,1.6590644,94.88529,-5.224588,-0.98013294,-23.885416,-3.3960965,2.4891589,61.50092,-33.182816,1.6310498,-5.2797365,-3.2969475,29.793802,1.1976104,23.405989,-22.844263,47.150555,9.839327,3.4462435,21.433311,-24.40768,-21.740639,6.9421315,16.791155,-34.95032,5.4082,-41.30845
78,-5.850623607635498,6.55898904800415,71.33015441894531,3.853790263274098,-2.8250877115939748,-88.6221189315974,-53.58767,13.2799015,1.2792213,97.90587,-5.3717723,-0.9686086,-23.047787,-3.3872364,2.764247,61.97717,-33.407032,1.6025605,-5.017879,-3.746464,29.793802,2.4198682,22.9572,-23.808039,48.64764,9.793793,3.5823889,20.66405,-30.390099,-22.815165,7.012685,17.09118,-36.004906,5.9673095,-41.78821
79,-5.891314506530762,6.505164623260498,71.27178192138672,4.065897718884801,-3.7224341680626885,-88.95073527794577,-55.33419,13.313167,0.97324663,100.85275,-5.557735,-0.88783485,-22.197153,-3.4121866,3.0449162,62.425426,-33.607685,1.5803212,-4.7398376,-4.147903,29.793802,3.6686938,22.490168,-24.896446,50.102676,9.830226,3.7196367,19.845688,-36.49736,-23.983555,7.2453814,17.468159,-36.96595,6.509709,-42.274242
80,-5.9335174560546875,6.450325012207031,71.2264633178711,4.317011040720704,-4.601138105442069,-89.24258532090674,-57.162807,13.307101,0.7314164,103.65205,-5.874299,-0.6634916,-21.327795,-3.5165386,3.3081481,62.82064,-33.799477,1.5696684,-4.4428887,-4.5175323,29.793802,4.9380274,22.008959,-26.07444,51.497337,9.891212,3.8052816,19.036888,-42.584064,-25.276058,7.6883254,17.860386,-37.755165,7.02139,-42.815132
81,-5.95905876159668,6.386282920837402,71.19182586669922,4.612437741999831,-5.472390957555515,-89.49559682334451,-59.07781,13.253089,0.5574046,106.30917,-6.3999057,-0.23721382,-20.429155,-3.708223,3.5517588,63.167744,-33.98532,1.5697976,-4.107327,-4.8519516,29.793802,6.193864,21.519085,-27.435179,52.842915,9.970986,3.845082,18.189308,-48.658726,-26.69685,8.357618,18.204681,-38.268177,7.4614043,-43.431053
82,-5.97838830947876,6.316603660583496,71.17371368408203,4.939610046017558,-6.333926913745234,-89.72923415477266,-61.079754,13.186489,0.4447141,108.85616,-7.0614357,0.33095714,-19.511042,-3.9624743,3.7833312,63.474556,-34.15658,1.578632,-3.7007854,-5.127705,29.793802,7.415711,21.024597,-29.009182,54.165592,10.093624,3.859255,17.290672,-54.730408,-28.227724,9.231168,18.45924,-38.5535,7.8461375,-44.09658
83,-5.988168239593506,6.229525566101074,71.17154693603516,5.2880072146808725,-7.1574753127581685,-89.9355253873324,-63.17533,13.092243,0.37487906,111.25584,-7.720131,0.9309638,-18.59587,-4.2749815,3.9936783,63.723747,-34.311848,1.5998131,-3.2165046,-5.335921,29.793802,8.629067,20.52391,-30.651194,55.466038,10.247552,3.8172793,16.453876,-60.684063,-29.859383,10.301066,18.613024,-38.773754,8.251225,-44.788685
84,-5.991307258605957,6.128899574279785,71.18365478515625,5.6451617733186525,-7.917410526216593,-90.1063540695297,-65.369576,12.959252,0.3342281,113.47274,-8.237134,1.4554776,-17.703278,-4.641157,4.174127,63.898685,-34.450607,1.6367133,-2.6678808,-5.4751706,29.793802,9.873861,20.013245,-32.1946,56.737858,10.423777,3.6896842,15.794286,-66.482834,-31.59158,11.587694,18.718693,-39.072838,8.757158,-45.483692
85,-5.981837749481201,6.017125606536865,71.21743774414062,6.005437247281058,-8.610967808823153,-90.22734274214282,-67.69225,12.82215,0.3487666,115.48504,-8.584393,1.9216653,-16.825788,-5.0677648,4.3040056,63.988045,-34.59649,1.6907191,-2.0784104,-5.5461497,29.793802,11.145147,19.491655,-33.64438,57.989773,10.6874275,3.4559407,15.322081,-72.24959,-33.4261,13.125409,18.790123,-39.437786,9.375545,-46.186657
86,-5.954141139984131,5.887919902801514,71.27033233642578,6.371942473027084,-9.256470862207022,-90.30775091570284,-70.12727,12.680634,0.41705683,117.31788,-8.830633,2.3717709,-15.949515,-5.5505605,4.39128,64.00139,-34.74157,1.7591947,-1.4244305,-5.554706,29.793802,12.413678,18.964724,-35.079018,59.24805,11.022267,3.1359234,14.987668,-78.035545,-35.34531,14.918318,18.812351,-39.794342,10.070715,-46.90338
87,-5.922255516052246,5.749233245849609,71.33621215820312,6.750749492300894,-9.861855567257503,-90.37529673295953,-72.60607,12.470551,0.4932003,118.98906,-8.981949,2.7373447,-15.0795765,-6.0695877,4.4710784,63.952282,-34.837025,1.8397353,-0.66430604,-5.5158525,29.793802,13.6967325,18.439936,-36.426464,60.525364,11.297359,2.7632906,14.816821,-83.6743,-37.31276,16.916666,18.777315,-40.219147,10.858698,-47.607418
88,-5.872981071472168,5.588118553161621,71.43199157714844,7.148222707412839,-10.433102736495833,-90.45692466749047,-75.06417,12.121375,0.5351497,120.51521,-9.042767,2.94537,-14.223936,-6.6067886,4.5793686,63.854034,-34.833992,1.9304438,0.22786863,-5.4549785,29.793802,15.027609,17.928728,-37.593437,61.81893,11.38375,2.3728077,14.8344755,-89.06329,-39.281452,19.080078,18.744162,-40.788876,11.756713,-48.273037
89,-5.81498384475708,5.4084672927856445,71.54872131347656,7.570871056015423,-10.979373219658285,-90.54408425338727,-77.512344,11.53509,0.539604,121.8577,-8.96594,2.9252377,-13.385695,-7.1744432,4.7183385,63.74273,-34.722088,2.0260785,1.2156141,-5.3940206,29.793802,16.492495,17.433659,-38.47482,63.077175,11.163822,1.9356728,15.139025,-94.31903,-41.235985,21.439745,18.746426,-41.57812,12.839704,-48.82846
90,-5.736448764801025,5.217231273651123,71.7078628540039,8.013409802996744,-11.499196863401655,-90.62767574122218,-79.973885,10.770381,0.5384596,123.02206,-8.76612,2.7232447,-12.5552435,-7.77859,4.8710976,63.602028,-34.52822,2.130285,2.2760918,-5.3373055,29.793802,18.073315,16.958637,-39.111267,64.30268,10.740339,1.4442179,15.68851,-99.53184,-43.157364,23.99738,18.769926,-42.53843,14.082722,-49.30105
91,-5.663180828094482,5.012178421020508,71.90035247802734,8.472984784632585,-11.981286398697351,-90.73495382267143,-82.398674,9.990509,0.54241693,124.085434,-8.541076,2.44555,-11.721589,-8.395312,5.0490932,63.364677,-34.25882,2.254702,3.4261322,-5.304284,29.793802,19.678577,16.522038,-39.592022,65.54756,10.311229,0.9664588,16.299921,-104.550896,-44.992153,26.640003,18.825525,-43.565197,15.355908,-49.816723
92,-5.575389385223389,4.800644397735596,72.13146209716797,8.946102144669428,-12.413131588549525,-90.89215630238228,-84.74013,9.360955,0.55577815,125.12752,-8.385542,2.2069314,-10.877696,-9.002839,5.2648096,62.968117,-33.922615,2.410151,4.6543827,-5.3349705,29.793802,21.247637,16.151773,-39.973648,66.83313,10.068531,0.5768187,16.79335,-109.22075,-46.677307,29.232159,18.954683,-44.562595,16.52993,-50.507343
93,-5.482665061950684,4.557745933532715,72.39559936523438,9.453434781021697,-12.801942779712153,-91.11635186963989,-87.0,8.890667,0.5844269,126.13829,-8.308858,2.0046144,-10.037088,-9.617054,5.54578,62.44777,-33.524292,2.6101346,5.936559,-5.4715314,29.793802,22.860746,15.864822,-40.211773,68.1386,10.062113,0.27427688,17.163242,-113.59779,-48.178856,31.798115,19.417376,-45.72044,17.694752,-51.53146
94,-5.392555236816406,4.318152904510498,72.70072937011719,9.99223029910126,-13.149302446483858,-91.38985550373589,-89.19903,8.505867,0.6234489,127.088104,-8.268328,1.7960432,-9.201116,-10.247891,5.8815646,61.8244,-33.06196,2.845084,7.2271814,-5.715495,29.793802,24.59228,15.661135,-40.231995,69.37636,10.185916,0.02997679,17.4932,-117.79701,-49.489334,34.35757,20.188353,-47.03003,18.898819,-52.77525
95,-5.305150985717773,4.068439960479736,73.03327178955078,10.536324466362164,-13.431989271366026,-91.68544363895742,-91.318275,8.250617,0.65754336,128.02122,-8.276975,1.642504,-8.349512,-10.876352,6.231487,61.01679,-32.535145,3.0914247,8.469482,-6.0500164,29.793802,26.3853,15.539059,-40.04018,70.44855,10.39377,-0.11942323,17.734512,-121.73915,-50.603218,36.76114,20.921412,-48.112522,19.926788,-53.98119
96,-5.2184062004089355,3.8027334213256836,73.40084075927734,11.058346001474561,-13.626464952455919,-91.97453466592448,-93.33989,8.170057,0.6721238,128.9852,-8.346831,1.6060776,-7.4643683,-11.48187,6.555318,59.946136,-31.944635,3.3247287,9.606428,-6.4617124,29.793802,28.18336,15.494058,-39.644165,71.2529,10.642459,-0.13881086,17.833784,-125.339714,-51.53159,38.865917,21.289469,-48.606384,20.530724,-54.90757
97,-5.132882118225098,3.5188846588134766,73.8131103515625,11.550946681292764,-13.712618663956547,-92.25709363525458,-95.31836,8.341123,0.65467393,129.99779,-8.497584,1.7719327,-6.5635233,-12.05579,6.8587995,58.613075,-31.33905,3.5409055,10.624188,-6.9532447,29.793802,30.024431,15.517,-39.00821,71.74414,10.98745,0.052499406,17.681847,-128.60115,-52.302773,40.684406,21.302658,-48.26121,20.479132,-55.491352
98,-5.059134006500244,3.2229979038238525,74.26783752441406,12.030300070671663,-13.704123151498209,-92.543175228243,-97.248344,8.720941,0.60789645,131.0348,-8.718345,2.090435,-5.656518,-12.615415,7.162198,57.05981,-30.705725,3.7503748,11.5495,-7.527132,29.793802,31.940306,15.592858,-38.154068,71.9481,11.432557,0.41005063,17.3248,-131.5854,-52.94691,42.301212,21.170736,-47.352757,19.92984,-55.86322
99,-4.987647533416748,2.9157912731170654,74.76736450195312,12.502309484343314,-13.630524710851875,-92.81639551383815,-99.01901,9.163044,0.54706013,132.07166,-8.972924,2.4196575,-4.710893,-13.181799,7.4467754,55.268757,-29.956337,3.9513412,12.387459,-8.179028,29.793802,33.85416,15.70489,-37.173344,71.88921,11.856774,0.7821229,16.945986,-134.41603,-53.492985,43.79055,20.937216,-46.22301,19.215187,-56.076485
100,-4.924620151519775,2.5977210998535156,75.31221771240234,12.968104724036827,-13.51969469023292,-93.06026083613965,-100.52308,9.525586,0.4919855,133.08556,-9.221598,2.6154869,-3.6999252,-13.766739,7.6914372,53.228233,-28.99953,4.141612,13.172699,-8.840968,29.793802,35.638336,15.839566,-36.222885,71.627815,12.128948,1.0179507,16.72428,-136.81296,-53.95505,44.951366,20.395021,-45.469738,18.678844,-56.197792
101,-4.847415924072266,2.283560276031494,75.90290069580078,13.45225325148551,-13.37521720192455,-93.28550113244862,-101.76421,9.806586,0.4478913,134.10197,-9.4831,2.6406732,-2.5832412,-14.408761,7.893838,50.876663,-27.901447,4.30974,13.8981285,-9.589176,29.793802,37.319542,15.983457,-35.312737,71.2229,12.150907,1.0775847,16.669043,-139.0471,-54.364323,45.920338,19.604233,-44.902355,18.359343,-56.220848
102,-4.784404754638672,1.9682748317718506,76.5460433959961,13.941604289097725,-13.182112290623081,-93.49301443996285,-102.79163,10.07158,0.4074065,135.12419,-9.770465,2.5722344,-1.3933378,-15.083572,8.059279,48.254852,-26.689537,4.4602656,14.589241,-10.375092,29.793802,38.88132,16.129772,-34.4388,70.691055,12.008411,1.0390693,16.691742,-140.96936,-54.74222,46.666946,18.53139,-44.440834,18.09606,-56.117588
103,-4.723018169403076,1.6490496397018433,77.23592376708984,14.39029167019838,-12.951436536413269,-93.65491290510576,-103.54759,10.275908,0.38839787,136.08911,-10.035902,2.434656,-0.1994572,-15.725199,8.184691,45.50137,-25.2217,4.6164308,15.212707,-11.157507,29.793802,40.265194,16.27755,-33.482666,69.957275,11.8762665,0.9364362,16.865559,-142.68672,-55.120674,47.379204,17.426132,-44.117783,17.907932,-55.940594
104,-4.664412975311279,1.3375142812728882,77.9618911743164,14.75535410101301,-12.69520215747445,-93.74431190451968,-103.97649,10.375015,0.40737802,136.93217,-10.227787,2.253977,0.929961,-16.272865,8.275594,42.74999,-23.353012,4.8001556,15.74572,-11.879241,29.793802,41.4107,16.431341,-32.34542,68.9406,11.925801,0.80453074,17.259907,-144.25992,-55.52735,48.219322,16.506296,-44.00381,17.816349,-55.74584
105,-4.5954976081848145,1.0395290851593018,78.72550964355469,15.054652114408002,-12.413806376826358,-93.76236573750768,-104.094635,10.302621,0.46974817,137.7036,-10.367542,1.9796226,2.0532343,-16.765835,8.329147,39.905838,-21.076412,4.9927173,16.203838,-12.559547,29.793802,42.335438,16.599174,-30.95062,67.63078,12.196505,0.63018316,17.872463,-145.73872,-55.982334,49.26444,15.84577,-44.31397,17.969233,-55.741398
106,-4.519041538238525,0.751588761806488,79.51492309570312,15.298739329360474,-12.104905090404891,-93.71935584548535,-103.92153,10.098206,0.5709521,138.41202,-10.470196,1.6192687,3.1595294,-17.221663,8.356895,36.9912,-18.489674,5.189232,16.60531,-13.208134,29.793802,43.064125,16.786116,-29.3752,66.06343,12.60017,0.40625885,18.670023,-147.08052,-56.494934,50.4356,15.307619,-44.943832,18.307371,-55.831722
107,-4.4391255378723145,0.4790100157260895,80.33383178710938,15.429897399971914,-11.776436577780501,-93.60427101644021,-103.41106,9.872459,0.6985388,138.93938,-10.468875,1.276756,4.085221,-17.545778,8.3954525,34.28634,-15.57866,5.4386754,16.921883,-13.759808,29.793802,43.55588,16.992092,-27.736973,64.21542,13.117453,0.17966524,19.678566,-148.22809,-57.07085,51.660614,14.802228,-45.474686,18.536436,-55.62035
108,-4.351441860198975,0.22752127051353455,81.17837524414062,15.394298467795588,-11.43317279282437,-93.4092108558126,-102.522644,9.737218,0.8324521,139.17078,-10.290757,1.0585167,4.681466,-17.640242,8.487346,32.025543,-12.301432,5.8002977,17.12343,-14.14651,29.793802,43.759594,17.215992,-26.154922,62.072037,13.727409,-0.0026799825,20.927055,-149.13702,-57.709877,52.87209,14.24698,-45.47847,18.362398,-54.716595
109,-4.260071277618408,-0.0013715032255277038,82.043701171875,15.177841503230502,-11.031441340401523,-93.0960814338074,-101.26213,9.692876,0.9929928,139.09755,-9.876965,0.97718745,4.888979,-17.4728,8.659985,30.180336,-8.372008,6.3483634,17.175858,-14.375927,29.793802,43.64244,17.462427,-24.623653,59.594177,14.412595,-0.16835777,22.542276,-149.85597,-58.415123,54.06457,13.625567,-44.629356,17.683714,-52.90858
110,-4.16299295425415,-0.20049284398555756,82.9329605102539,14.792298604388801,-10.530413424015366,-92.67966416259172,-99.722725,9.687632,1.1407728,138.776,-9.255105,0.9772758,4.7339907,-17.066694,8.922213,28.633434,-3.8800492,7.0640726,17.08208,-14.449319,29.624147,43.290997,17.732159,-23.113354,56.852287,15.18027,-0.31561854,24.45812,-150.28238,-59.165398,55.24863,12.993467,-43.162907,16.719048,-50.44225
111,-4.065867900848389,-0.3752829432487488,83.83915710449219,14.139378046330307,-9.70579698620043,-92.19671097607753,-98.322044,9.764572,1.0778544,138.14204,-8.370139,1.0544136,3.920299,-16.315617,9.29882,27.474802,0.7146451,7.8553696,16.803164,-14.246659,28.20176,42.969223,18.00398,-21.866589,54.360313,16.009535,-0.3445945,26.351498,-149.52534,-59.835938,56.340477,12.388596,-41.40043,15.665067,-47.705585
112,-3.9633896350860596,-0.5297785997390747,84.75511932373047,13.353051919150527,-9.025153927736687,-91.79952516771898,-96.469444,9.987647,0.8980475,137.1949,-7.494599,1.22509,3.074881,-15.399479,9.711604,26.614319,4.9323587,8.6568165,16.485397,-13.784514,26.921246,42.448055,18.285395,-20.659678,51.601643,16.971455,-0.18353248,28.088932,-148.54953,-60.450867,57.397034,11.880325,-39.952427,14.607303,-44.85869
113,-3.8527588844299316,-0.6642002463340759,85.67375183105469,12.381840526670954,-8.484043977054975,-91.49094905136252,-94.10471,10.396693,0.55999964,135.93883,-6.6273546,1.5509752,2.1972432,-14.220325,10.23256,25.91607,8.983144,9.538806,16.138584,-13.009212,25.756596,41.721127,18.563461,-19.500744,48.541103,18.025145,0.17578283,29.621067,-147.3163,-61.04272,58.406994,11.418806,-38.90837,13.347789,-41.90429
114,-3.7344090938568115,-0.7976043820381165,86.58421325683594,11.238803703185063,-8.032525416673355,-91.23314968450995,-91.26771,10.973176,0.119099535,134.38652,-5.7484903,2.0021338,1.2660229,-12.793692,10.860545,25.319662,13.062929,10.568662,15.74262,-11.969169,24.641388,40.80073,18.844473,-18.36595,45.195118,19.163322,0.70119464,31.0657,-145.70924,-61.6312,59.282192,10.945068,-37.99549,11.8914795,-38.723026
115,-3.6106183528900146,-0.9285705089569092,87.46589660644531,10.040793180312813,-7.726817043858143,-91.04049971233829,-88.017876,11.685675,-0.29928324,132.51477,-4.9241714,2.4523222,0.39569566,-11.337177,11.408566,24.975153,16.6664,11.584058,15.304677,-10.804921,23.650614,39.77882,19.175167,-17.21252,41.598324,20.46062,1.4145987,32.427643,-143.55612,-62.206627,59.844482,10.438982,-37.192142,10.60648,-35.418537
116,-3.4651641845703125,-1.0540884733200073,88.29930877685547,8.918099509824678,-7.622125362919344,-90.92104708665015,-84.40261,12.483341,-0.55844617,130.29872,-4.205319,2.777607,-0.34540573,-10.070846,11.646443,25.126463,19.258322,12.336887,14.818844,-9.662741,22.850498,38.769905,19.62105,-16.005863,37.75088,21.99003,2.3396766,33.695488,-140.67935,-62.7438,59.918583,9.89617,-36.54259,9.856712,-32.09526
117,-3.3004117012023926,-1.1732885837554932,89.0642318725586,7.889039522535132,-7.753964409997252,-90.8935375785355,-80.29287,13.390319,-0.6046566,127.73726,-3.672675,3.0057793,-0.9631598,-9.092647,11.376921,25.975489,20.407354,12.579509,14.297011,-8.547901,22.25454,37.875183,20.199394,-14.801513,33.5094,23.90595,3.5470564,34.8369,-136.96782,-63.23602,59.45684,9.241593,-36.139313,9.753305,-28.718752
118,-3.1209099292755127,-1.292769193649292,89.77971649169922,6.889580995673881,-8.090840610546001,-90.93445183014964,-75.6838,14.379023,-0.4874879,124.836945,-3.2719436,3.1612704,-1.5515556,-8.294364,10.732422,27.509026,20.43419,12.401762,13.7333355,-7.4026055,21.815844,37.06587,20.911638,-13.599021,28.862646,26.119621,5.0120974,35.82271,-132.4487,-63.686687,58.48863,8.457434,-36.01321,10.065418,-25.247826
119,-2.9476661682128906,-1.415024995803833,90.44425201416016,5.905673435947114,-8.584643282427773,-90.98654663676605,-70.802635,15.300229,-0.2501534,121.57732,-2.8369277,3.11914,-2.2069893,-7.5813737,9.966414,29.710604,19.912382,12.0367565,13.100047,-6.255904,21.522673,36.261295,21.812523,-12.300226,23.97864,28.345997,6.601586,36.643448,-127.22346,-64.07258,57.028606,7.656597,-36.137936,10.637216,-21.768278
120,-2.776412010192871,-1.5447096824645996,91.0551986694336,4.923832416994108,-9.18358278829682,-90.99409788093982,-65.872025,16.023392,0.044477955,117.93251,-2.2054732,2.7668464,-3.0109725,-6.831242,9.322626,32.508442,19.454855,11.738135,12.3756075,-5.1329827,21.362823,35.40223,22.982351,-10.813537,18.995535,30.290583,8.166315,37.30238,-121.40003,-64.3533,55.115067,6.97694,-36.477306,11.312938,-18.369473
121,-2.60518741607666,-1.6697038412094116,91.60799407958984,3.916593253659127,-9.971788298780135,-90.97890973175923,-60.746292,16.560486,0.34818026,113.84698,-1.4044263,2.0511222,-3.8918948,-5.949006,8.82182,36.007717,19.187712,11.515842,11.586086,-3.9803114,21.42098,34.532215,24.471552,-9.231883,13.814908,31.941261,9.680059,37.826954,-114.82116,-64.47516,52.71043,6.366686,-36.952126,12.08157,-15.000285
122,-2.422412633895874,-1.7947133779525757,92.08789825439453,2.884933353054789,-10.942155269617773,-90.95089102069413,-55.35104,16.964373,0.66048753,109.35334,-0.5091732,1.0419098,-4.861151,-5.0131426,8.342431,40.24889,18.774868,11.242887,10.749588,-2.7785187,21.683823,33.70204,26.273167,-7.5933495,8.34288,33.40941,11.187759,38.19982,-107.53498,-64.40413,49.910263,5.771739,-37.642365,12.985458,-11.617256
123,-2.230907678604126,-1.9191279411315918,92.4987564086914,1.8576639875868726,-11.901684326617358,-90.8416659604134,-50.021797,17.184956,0.9758929,104.55398,0.5587902,-0.16646044,-6.09995,-4.1213202,7.895472,45.012543,18.176737,10.995996,9.834438,-1.5978732,21.994253,32.859344,28.37326,-5.7191105,2.7435963,34.58269,12.641218,38.390118,-99.959595,-64.137115,46.96877,5.3430305,-38.735893,13.943329,-8.322799
124,-2.0367319583892822,-2.0499625205993652,92.82868194580078,0.8694408736695132,-12.654666786034477,-90.58885823744718,-45.107983,17.174189,1.2848358,99.541534,1.8759707,-1.4680192,-7.7869563,-3.3601174,7.489473,50.098995,17.352499,10.863102,8.813226,-0.5049709,22.19597,31.950695,30.754759,-3.4194744,-2.795403,35.346558,13.996414,38.382854,-92.52165,-63.698647,44.132977,5.2677298,-40.40251,14.859823,-5.216943
125,-1.8318448066711426,-2.1883649826049805,93.06930541992188,-0.06160835705297382,-13.141618450996518,-90.17660429815955,-40.70215,16.851706,1.5599444,94.23247,3.4878263,-2.8370063,-9.992608,-2.715459,7.0974693,55.62393,16.214113,10.921654,7.67763,0.49412915,22.246864,31.00441,33.397808,-0.65501326,-8.385999,35.67292,15.287895,38.1298,-85.20895,-63.096184,41.469833,5.647435,-42.80501,15.678424,-2.3464541
126,-1.6124271154403687,-2.2934083938598633,93.1970443725586,-0.959799683350975,-13.462352204681494,-89.6474980698665,-36.613686,16.293549,1.7197654,88.617035,5.309361,-4.3237076,-12.606523,-2.1276827,6.707211,61.657253,14.796614,11.122922,6.4500036,1.4566076,22.233187,30.054522,36.273144,2.5029676,-14.031762,35.607555,16.52486,37.70747,-77.82962,-62.319695,38.912476,6.32367,-45.826363,16.404266,0.3691931
127,-1.4002724885940552,-2.3801217079162598,93.20974731445312,-1.8455355041129713,-13.658788166908392,-89.03161211737488,-32.770164,15.707206,1.8014606,82.87639,7.228701,-5.842689,-15.525846,-1.6044779,6.3539443,67.92478,13.257576,11.377347,5.147685,2.4026427,22.181627,29.029167,39.360294,6.0761213,-19.32174,35.158688,17.634996,37.296562,-70.55725,-61.39462,36.487297,7.1386676,-49.19059,17.041378,3.0139263
128,-1.2110859155654907,-2.458894729614258,93.10858154296875,-2.736998258401698,-13.773914881833672,-88.3550660882088,-29.116354,15.272007,1.8782948,77.18183,9.159449,-7.328492,-18.646286,-1.1505861,6.0802402,74.1449,11.770224,11.600081,3.7984874,3.3575022,22.124044,27.806452,42.663837,10.049568,-23.818356,34.35674,18.53875,37.06334,-63.58985,-60.360325,34.203136,7.982926,-52.61696,17.616856,5.6691084
129,-1.0327531099319458,-2.535438060760498,92.91378784179688,-3.61442369873852,-13.80194789830553,-87.60031497551435,-25.615412,14.972742,2.0205858,71.363754,11.26673,-8.943011,-21.963087,-0.7842144,5.8453608,80.36988,10.340651,11.7866745,2.3919442,4.331896,22.031422,26.318104,46.24092,14.511696,-27.503412,33.09563,19.186687,37.045506,-56.969353,-59.25167,32.04559,8.897823,-56.23413,18.16605,8.457526
130,-0.8493537902832031,-2.6176769733428955,92.62986755371094,-4.469328287123324,-13.721676621663581,-86.76921141001775,-22.30768,14.73652,2.1689997,65.39,13.5273695,-10.667808,-25.500557,-0.46708182,5.63642,86.71037,8.885612,11.997604,0.9669905,5.3368187,21.872713,24.619162,50.10809,19.370798,-30.49987,31.416653,19.625624,37.174862,-50.5215,-58.084137,29.962662,9.931795,-60.122723,18.638186,11.315087
131,-0.6770991086959839,-2.6983516216278076,92.2529296875,-5.337775906768969,-13.556449672101941,-85.9157155542469,-19.269705,14.645636,2.2644188,59.641735,15.604343,-12.173973,-29.2086,-0.09803039,5.536451,92.96971,7.456624,12.260386,-0.4139101,6.396755,21.681995,22.717794,54.230442,24.315948,-32.55857,29.613697,19.904665,37.426987,-44.18213,-56.87943,27.937576,11.006307,-63.88893,18.997013,14.027484
132,-0.5065833926200867,-2.7662765979766846,91.78252410888672,-6.260281398417643,-13.332331961745377,-85.09132561735605,-16.581022,14.784116,2.2931466,54.503403,17.18284,-13.132233,-33.045975,0.4384683,5.614051,98.936325,6.1121264,12.6105,-1.7056466,7.5471454,21.514547,20.56408,58.577835,29.014772,-33.44547,28.013485,20.069952,37.759174,-37.960587,-55.6662,25.999018,12.067825,-67.11983,19.273878,16.36568
133,-0.3330678641796112,-2.830872058868408,91.22197723388672,-7.254118113699218,-13.036730384942329,-84.293305361026,-14.282418,15.176553,2.306793,49.923595,18.322525,-13.434791,-37.039055,1.1625575,5.8332925,104.641815,4.882746,13.035513,-2.9243755,8.836416,21.381758,18.022669,63.215862,33.470844,-33.134293,26.698463,20.061028,38.17428,-31.921629,-54.49058,24.134354,13.164663,-69.83959,19.584219,18.34221
134,-0.1581512987613678,-2.883460521697998,90.5623550415039,-8.29696261149566,-12.664129845687764,-83.50582718506962,-12.346337,15.770926,2.3461268,45.762066,19.14692,-13.290159,-41.18554,2.051162,6.092959,110.18345,3.7224236,13.518792,-4.0023685,10.271442,21.24678,15.011088,68.20094,37.644913,-31.786015,25.565514,19.874441,38.67089,-25.911283,-53.369217,22.166668,14.300862,-72.20234,19.964159,20.05244
135,0.012148173525929451,-2.9265694618225098,89.79737854003906,-9.3861579102052,-12.257110057976751,-82.75344810219747,-10.746626,16.531496,2.3859758,42.265797,19.460434,-12.850129,-45.399403,3.1779516,6.404614,115.42805,2.5731428,14.153615,-4.8225822,11.810612,21.120785,11.381994,73.48442,41.03482,-29.458532,24.657845,19.64248,39.190228,-19.70663,-52.2633,19.961966,15.35103,-73.971245,20.37096,21.37811
136,0.16935542225837708,-2.9570116996765137,88.94780731201172,-10.529469327707867,-11.861916597219299,-82.05302061790793,-9.430201,17.42918,2.3851368,39.644043,19.096264,-12.263769,-49.6011,4.5900226,6.7690077,120.22084,1.3790088,15.000033,-5.352519,13.40155,21.031477,6.7359953,78.97355,42.91397,-26.199064,24.00829,19.492619,39.67169,-13.258453,-51.091576,17.568182,16.238934,-74.89181,20.757462,22.188107
137,0.2962447702884674,-2.9861176013946533,88.0315933227539,-11.782287388062024,-11.428459837451959,-81.39824818991566,-8.439407,18.514938,2.2650108,37.91868,18.287422,-11.541137,-53.992558,5.754026,6.837788,124.53653,0.20591027,15.000033,-5.7226653,15.020934,20.96691,0.27683198,84.56244,42.6063,-22.105341,23.700968,19.567368,40.06164,-6.823873,-49.79517,15.233951,17.113758,-74.71792,21.152445,22.377207
138,0.40107405185699463,-3.021878480911255,87.05784606933594,-13.136651736641761,-10.96219743664828,-80.76101592997873,-7.7462435,19.770576,2.0350685,36.88764,17.078491,-10.639654,-58.488224,7.0844545,6.8281736,128.46701,-1.0017556,15.000033,-6.0953913,16.70969,20.986229,-8.452656,89.73889,39.78669,-17.690456,23.722324,19.75777,40.414,-0.7347056,-48.343456,13.162551,18.159117,-73.66568,21.586697,22.014263
139,0.49190428853034973,-3.0574913024902344,86.06742095947266,-14.508713098443065,-10.58743452868229,-80.1303669996144,-7.1577816,21.091646,1.7654365,36.352493,15.065203,-9.650989,-62.854794,8.349667,6.6981792,131.99878,-2.2489648,15.000033,-6.4037333,18.717718,21.135439,-18.712772,93.140175,34.927635,-13.971031,24.219805,19.777185,40.764713,4.8929048,-46.76602,11.325608,19.540342,-72.223595,22.050322,21.22433
140,0.5724640488624573,-3.0867385864257812,85.05172729492188,-15.805409938451612,-10.424621618824485,-79.50677167989247,-6.490289,22.362728,1.5415641,36.149982,11.82477,-8.666996,-66.8902,9.331878,6.498378,135.11122,-3.5011487,15.000033,-6.387678,21.113451,21.391829,-29.597342,94.60808,28.856153,-10.902953,25.001953,19.413954,41.209522,10.580257,-45.103706,9.254357,20.899298,-70.69069,22.471062,20.134579
141,0.6178861260414124,-3.1175787448883057,83.97705078125,-17.042926250141015,-10.532135266464493,-78.88872289452911,-5.681637,23.589155,1.3079453,36.38664,6.56811,-7.6501536,-70.610176,10.057174,6.366749,137.7814,-4.757746,15.000033,-6.1267486,23.66983,21.853834,-40.98423,95.28899,21.704472,-7.3916936,25.707478,18.783892,41.908886,16.625824,-43.278187,6.93585,21.801474,-68.99852,22.735435,18.662985
142,0.6484049558639526,-3.1293094158172607,82.92339324951172,-18.33082046729834,-10.823005405642652,-78.34392961449176,-4.8764734,24.918587,0.98295724,37.128376,-0.29333392,-6.6524463,-74.27697,10.550294,6.1895237,139.98712,-5.8643866,15.000033,-5.750487,26.295366,22.449535,-53.2698,95.66757,13.198501,-3.1705985,26.225714,18.044771,42.84171,22.55423,-41.173565,4.8006725,22.57238,-66.97747,22.804337,16.774439
143,0.6633116602897644,-3.1163511276245117,81.910888671875,-19.453505632145074,-11.21367417539324,-77.80998721444281,-4.1742043,26.08108,0.6659344,38.169,-7.357549,-5.745177,-77.79057,10.806831,6.164655,141.8387,-6.817881,15.000033,-5.3762164,28.619379,23.055635,-66.754326,95.80313,3.1015184,1.4370785,26.327335,17.081825,43.887623,27.787762,-38.687798,3.1283324,23.633127,-64.71723,22.631624,14.709288
144,0.6600341200828552,-3.078984260559082,80.93128967285156,-20.103413867791314,-11.647938613434512,-77.26318962724694,-3.5540946,26.736246,0.5982744,39.198483,-13.194469,-4.9523015,-81.06914,10.828231,6.5885854,143.46733,-7.5779066,15.000033,-5.151371,29.793802,23.562843,-81.720375,95.745346,-8.925997,5.8648605,26.03392,15.73564,44.811337,31.460058,-35.69052,2.5615776,25.599049,-62.279903,22.176344,12.721116
145,0.6613870859146118,-3.011094331741333,79.97329711914062,-20.255927792396374,-12.169841991945352,-76.6651853953828,-2.9663997,26.914139,0.95159364,40.17172,-17.614622,-4.252643,-84.145996,10.547767,7.622531,144.86006,-8.026262,15.000033,-5.0657578,29.793802,24.149456,-98.55566,95.35986,-23.344633,10.462298,25.13219,13.681635,45.575714,33.905563,-32.230785,2.748926,28.263702,-59.662186,21.344625,10.874105
146,0.6793525815010071,-2.9291739463806152,79.06110382080078,-20.33084065062594,-12.772838996585572,-76.0038731480423,-2.5697265,27.063824,1.4066654,41.40993,-21.43627,-3.668967,-87.08325,10.0178995,8.88209,145.86151,-8.149117,15.000033,-5.064673,29.793802,25.106762,-117.3714,94.31889,-40.08313,16.117104,23.167751,11.029236,46.38749,36.013527,-28.535763,2.7412534,30.904312,-57.056118,20.288725,9.0756445
147,0.708480179309845,-2.83247709274292,78.24627685546875,-20.468473874571316,-13.360329234230537,-75.42038621076983,-2.4592495,27.316376,1.7423526,42.937992,-24.670212,-3.2542446,-89.99564,9.334968,9.948358,146.4305,-7.9307446,15.000033,-5.320008,29.793802,26.488623,-137.36508,92.33388,-58.258736,22.470387,20.207235,8.225624,47.162903,37.547447,-24.833265,2.7785156,33.409954,-54.736897,19.183489,7.4542274
148,0.7200823426246643,-2.732870101928711,77.56153106689453,-20.63479581820251,-13.824994897853419,-74.92783377904816,-2.7177281,27.506546,1.6950599,44.729538,-27.27269,-2.987571,-92.702065,8.7486515,10.725274,146.64638,-7.6489515,15.000033,-6.043533,29.793802,27.398375,-151.74846,89.38201,-72.407,28.44071,16.611658,5.9011874,48.464375,38.40248,-21.481337,3.1263714,36.460014,-52.994465,18.297089,6.131396
149,0.7393835783004761,-2.6412394046783447,76.98395538330078,-20.461353000734395,-14.168508155259833,-74.4817535409518,-3.3264835,27.111795,1.2401893,46.75657,-28.991976,-2.8067832,-95.149635,8.364186,11.680161,146.60565,-7.3773775,15.000033,-6.351862,29.793802,27.471306,-155.47263,86.55236,-75.571236,32.4596,14.178844,4.083087,49.289936,39.216473,-18.490396,3.05744,39.704227,-51.18508,17.460773,5.247457
150,0.776927649974823,-2.5471372604370117,76.47438049316406,-19.874213198786684,-14.494342169099593,-74.05558272974247,-4.0875554,26.126465,0.63957065,48.903854,-29.863789,-2.674321,-97.58884,7.2788963,12.592323,146.31488,-6.910318,13.724165,-6.3172297,29.21241,27.642303,-156.82964,84.31306,-75.16878,34.81727,12.493707,2.5079832,49.28374,39.82812,-15.438812,2.607167,42.555737,-49.44431,16.508871,4.7472043
151,0.8294389843940735,-2.4591848850250244,76.02559661865234,-19.213136209459456,-14.825031770766502,-73.71366377038287,-4.8445826,25.074877,0.06791172,51.016563,-30.265848,-2.5888815,-99.84613,5.6910424,13.019205,145.76865,-6.449458,11.478721,-6.1408024,28.451992,27.897772,-157.68552,82.497665,-74.023926,36.109924,11.200464,1.1349075,49.35087,40.20925,-12.429047,2.124263,45.045105,-47.965424,15.739502,4.26936
152,0.8632420301437378,-2.364964246749878,75.66114044189453,-18.67441467041549,-15.185888488067436,-73.54035248135293,-5.4003334,24.303862,-0.23927571,52.883423,-30.554987,-2.5212984,-101.47905,4.7496157,13.057455,145.02496,-6.2457547,9.993651,-5.9994454,27.77668,28.260416,-158.23923,81.1755,-72.75886,36.495476,10.569932,-0.1414881,50.063866,40.44412,-9.968368,1.9406688,46.997135,-46.67786,15.206372,3.6191626
153,0.9057863354682922,-2.27604603767395,75.36021423339844,-18.308772623236422,-15.611852033263478,-73.5914459247509,-5.7301874,23.923405,-0.20708749,54.5221,-30.68882,-2.475783,-102.37409,4.6396813,12.573177,144.00766,-6.2725058,9.428617,-5.7986064,27.20919,28.737179,-158.58215,80.15587,-71.48863,35.87721,10.728544,-1.3331602,51.906284,40.34311,-7.988685,2.3203378,48.597755,-45.675488,15.006526,2.7147803
154,0.9626926183700562,-2.1997230052948,75.13080596923828,-18.011065395348044,-16.05976439070285,-73.84044127380746,-5.957523,23.745628,0.047735497,56.020935,-30.52206,-2.4773595,-102.71623,5.073316,11.684172,142.71117,-6.409515,9.4516115,-5.530944,26.643959,29.257637,-158.78575,79.32362,-70.25311,34.428562,11.517049,-2.3578284,54.567493,39.82885,-6.3893166,3.0898829,50.001568,-44.892143,15.058833,1.665859
155,1.0330753326416016,-2.139552354812622,74.95270538330078,-17.71291326824944,-16.44205114090757,-74.24104969521679,-6.0973263,23.639078,0.46177486,57.248726,-30.241285,-2.531473,-102.75286,5.734915,10.597117,141.29459,-6.566724,9.840682,-5.135108,26.0747,29.66198,-158.9254,78.556786,-69.20943,32.736324,12.747625,-3.183375,57.363827,39.133663,-5.026931,3.8109717,50.98729,-44.20869,15.254776,0.4318146
156,1.1237837076187134,-2.0870203971862793,74.82183837890625,-17.361707103193652,-16.658559070020633,-74.74448427653883,-6.184698,23.487148,0.9584027,58.078747,-30.039713,-2.6350136,-102.71575,6.3201876,9.505693,139.91614,-6.6641984,10.395825,-4.7573085,25.491573,29.793802,-159.06064,77.93582,-68.653625,31.315725,14.22563,-3.8096747,59.60695,38.526447,-4.0937514,4.143548,51.301826,-43.450336,15.412784,-0.9305716
157,1.215487003326416,-2.049656391143799,74.73231506347656,-16.95098886403318,-16.729231119708498,-75.37012659580279,-6.1528816,23.299059,1.5262457,58.4532,-29.969028,-2.8303695,-102.55196,6.875494,8.4041815,138.57251,-6.6929355,11.19894,-4.2824297,24.92742,29.713036,-159.2265,77.44287,-68.55048,30.19703,16.262444,-4.2225156,61.213245,38.08909,-3.5196269,4.0749865,50.71614,-42.413105,15.532672,-2.611356
158,1.3216302394866943,-2.032198190689087,74.68685150146484,-16.565832462103153,-16.63534334524013,-76.11153018212565,-6.1143847,23.178165,2.1229947,58.486546,-29.93641,-3.1099021,-102.244644,7.423811,7.1629376,137.17207,-6.6752963,12.241259,-3.7637882,24.423904,29.380772,-159.23924,77.24835,-68.68511,28.907549,18.751328,-4.4175467,62.39279,37.79715,-3.3789217,3.8683026,49.30743,-41.18324,15.687113,-4.473954
159,1.442458152770996,-2.0320780277252197,74.69127655029297,-16.101924194329946,-16.447283981285025,-76.91298329936618,-5.980982,22.977192,2.8486993,58.174267,-29.885818,-3.3500998,-101.82301,7.991817,6.0078726,135.82864,-6.6419744,13.427238,-3.209345,23.760832,28.934671,-159.12866,77.115776,-68.889275,27.730257,21.150856,-4.505705,63.133545,37.490486,-3.3549027,3.5143957,47.42122,-40.122425,15.96512,-6.505885
160,1.563865303993225,-2.0270872116088867,74.7374267578125,-15.56294718142369,-16.18005161156827,-77.6722837851398,-5.7928934,22.647434,3.68074,57.577652,-29.777382,-3.4501908,-101.31653,8.482275,5.067954,134.62857,-6.6373386,14.634047,-2.8228297,22.92956,28.539846,-159.10056,76.930695,-69.259796,26.829748,22.911177,-4.4938445,63.335358,37.24847,-3.4129689,2.7035015,44.96181,-39.659214,16.400375,-8.429244
161,1.68319571018219,-2.0389797687530518,74.83856201171875,-14.94081273226346,-15.823343881187276,-78.38073941559475,-5.538135,22.183636,4.6655536,56.667538,-29.653849,-3.3599355,-100.76578,8.311105,4.0970235,133.59737,-6.5724382,15.000033,-2.6483922,22.052958,28.143618,-159.2717,76.61982,-69.99152,26.48811,23.417055,-4.337615,62.833824,37.287167,-3.5918832,0.669694,41.588905,-40.688446,16.929546,-9.573065
162,1.8102622032165527,-2.0335564613342285,75.00226593017578,-14.355906124808616,-15.358543603391643,-79.07285273364253,-5.2669606,21.742893,5.716433,55.488503,-29.549305,-3.1662748,-100.105286,7.736214,3.0187025,132.6557,-6.4596906,15.000033,-2.4436696,21.528633,27.702053,-159.61983,76.16097,-71.05722,27.015938,22.744045,-4.219121,62.02248,38.47066,-3.8433383,-3.1006203,36.16459,-43.560074,17.159767,-9.284591
163,1.9321094751358032,-2.020524740219116,75.22528076171875,-13.758018224896745,-14.812818449376339,-79.71872280092968,-4.979162,21.222904,6.755972,54.044415,-29.310806,-2.9281147,-99.33806,7.0777106,2.044817,131.80225,-6.395799,15.000033,-2.3836443,20.598091,27.15307,-159.59477,75.70385,-71.762535,27.255075,22.166851,-3.9811237,60.590668,38.573467,-4.132488,-6.0339437,31.71438,-45.496212,17.837372,-9.90579
164,2.053492307662964,-2.011582374572754,75.49784088134766,-13.242475157473143,-14.25491412509635,-80.33748720353319,-4.6532393,20.725979,7.68968,52.405502,-28.844034,-2.7461462,-98.44585,6.4222345,1.0832589,130.97392,-6.4403033,15.000033,-2.1245492,20.162151,26.650845,-159.71678,74.8417,-72.62902,28.732172,21.29706,-3.969418,59.667442,39.175476,-4.646437,-9.829798,26.346794,-47.5059,17.747961,-9.934325
165,2.178772211074829,-2.0078673362731934,75.83354187011719,-12.737293387461932,-13.65730900917773,-80.8666571582693,-4.301047,20.1159,8.492352,50.501205,-28.133282,-2.6122775,-97.45258,5.755346,0.24377768,130.25484,-6.667348,15.000033,-1.8931565,19.313377,26.146423,-159.49402,74.37893,-73.104546,29.532606,20.946112,-3.7289376,58.638004,39.163597,-5.085874,-11.773184,21.552298,-47.739857,18.299122,-11.667876
166,2.316114664077759,-2.004934549331665,76.23505401611328,-12.315618085655974,-13.045036041323641,-81.36275212305935,-3.8833606,19.519306,9.230033,48.36954,-27.270405,-2.51225,-96.301765,5.061194,-0.5909691,129.60323,-7.022244,15.000033,-1.6434501,19.065622,25.666847,-159.62125,73.21832,-74.14836,32.389725,20.106361,-3.8215957,58.187046,39.639378,-6.122151,-15.1548195,15.843588,-47.989944,17.639624,-12.360725
167,2.459620475769043,-2.0076777935028076,76.68730926513672,-11.905335534366785,-12.40011479838487,-81.86857169994948,-3.429791,18.889648,9.925749,46.03588,-26.148289,-2.449791,-95.07301,4.354024,-1.3868685,128.93054,-7.3883348,15.000033,-1.4090879,18.527035,25.221647,-159.48578,72.456894,-74.881,34.44684,19.31018,-3.8677113,57.348007,39.953167,-7.0094466,-17.479685,10.153346,-47.703693,17.487831,-13.876198
168,2.619471788406372,-2.0158212184906006,77.20035552978516,-11.506824326087878,-11.757349568135824,-82.45399645288875,-2.917888,18.27246,10.616325,43.56356,-24.697676,-2.4349437,-93.77523,3.7086358,-2.183432,128.12544,-7.658637,15.000033,-1.1222122,17.960388,24.758545,-159.30568,71.43405,-75.62449,36.55811,18.15259,-4.1377063,56.237556,39.846687,-8.317385,-19.926773,4.9654326,-47.474365,17.18579,-15.181201
169,2.789290189743042,-2.0377776622772217,77.76081848144531,-11.096341658283295,-11.108562730358898,-83.14287850663679,-2.2987938,17.616787,11.317665,40.837475,-22.901281,-2.436912,-92.44753,3.0899696,-2.9811487,127.26405,-7.9445453,15.000033,-0.789503,17.244013,24.304106,-159.01424,70.37984,-76.12798,38.359776,16.458067,-4.7637854,54.503162,39.54378,-9.898419,-22.054375,-0.019330721,-47.417812,16.947826,-16.581814
170,2.9682400226593018,-2.0681333541870117,78.37177276611328,-10.71216088005331,-10.44881537020067,-83.90925968779565,-1.6014684,16.9485,12.006558,37.892445,-20.813217,-2.474575,-91.054054,2.4548934,-3.826358,126.36203,-8.25584,15.000033,-0.40791056,16.465929,23.839863,-158.60587,69.27775,-76.42928,40.061573,14.341122,-5.610959,52.316395,38.953255,-11.846064,-24.01594,-4.7291365,-47.3293,16.67706,-18.094374
171,3.115532875061035,-2.107389211654663,79.02890014648438,-10.398008431510842,-9.80204450670253,-84.73814344238323,-0.93101513,16.371138,12.6610365,34.99249,-18.446938,-2.6210582,-89.51406,1.8759929,-4.7493334,125.22405,-8.341835,15.000033,-0.032677423,15.667079,23.371334,-158.09746,68.169556,-76.807915,41.626926,12.222071,-6.378477,50.17364,37.95316,-14.168507,-25.866957,-8.986945,-47.1055,16.466389,-19.480286
172,3.2483088970184326,-2.1494665145874023,79.71842956542969,-10.20137637277867,-9.191629229869225,-85.62683294369745,-0.39683124,16.01431,13.263699,32.410572,-15.812461,-2.948042,-87.74831,1.4213306,-5.802431,123.64509,-7.9411454,15.000033,0.31240788,14.899418,22.920958,-157.48381,67.11971,-77.47707,42.985947,10.563382,-6.823814,48.58347,36.49557,-16.793554,-27.657894,-12.718641,-46.672215,16.388428,-20.482315
173,3.365100622177124,-2.192493438720703,80.43387603759766,-10.185579958800671,-8.585839157386628,-86.6422912381546,-0.004535843,15.97568,13.820318,30.116041,-12.854724,-3.5204666,-85.77132,1.0955892,-7.122153,121.571075,-6.9164457,15.000033,0.74216026,14.262592,22.4187,-156.74399,66.17274,-78.448654,44.095848,9.41313,-6.941575,47.93209,34.720165,-19.652586,-29.422014,-16.114962,-45.938915,16.433826,-20.973484
174,3.475027084350586,-2.2467379570007324,81.18156433105469,-10.305951838611792,-7.988174114805778,-87.77066135520431,0.27098304,16.147335,14.319378,28.02599,-9.590174,-4.268051,-83.59769,0.9026247,-8.640151,119.10728,-5.440991,15.000033,1.3625453,13.802397,21.743961,-155.97282,65.32773,-79.91323,45.021145,8.141229,-6.8743377,47.9565,32.82735,-22.763136,-31.206406,-19.239079,-44.994423,16.57118,-21.108213
175,3.560696601867676,-2.3022191524505615,81.93833923339844,-10.443897697645212,-7.477437050951899,-88.88407398009878,0.36976966,16.377228,14.71526,26.357138,-6.1414895,-5.0589576,-81.16252,0.90401345,-10.082666,116.28851,-3.7101722,15.000033,1.676863,12.944149,21.34533,-154.5877,64.613365,-80.496445,45.510094,8.152879,-6.604033,47.843044,30.039024,-26.19286,-32.42238,-21.593346,-44.095158,16.797186,-21.053568
176,3.615910291671753,-2.343174934387207,82.70146942138672,-10.4828992710101,-7.113077171501724,-89.85260738709043,0.24738339,16.543894,14.974984,25.289837,-2.6189725,-5.777668,-78.4237,1.1408969,-11.163436,113.13842,-1.9104125,15.000033,1.9485282,12.050717,20.897968,-153.088,64.05104,-81.646065,45.823967,7.7841687,-6.159828,47.33797,26.968262,-29.907246,-33.53597,-23.189192,-43.418003,17.154148,-20.94749
177,3.6462013721466064,-2.389346122741699,83.47268676757812,-10.433060637814608,-6.894862085561862,-90.67519641610399,-0.106895186,16.751337,15.261594,24.85854,1.0548056,-6.400689,-75.35572,1.71027,-11.79088,109.57514,-0.015484518,15.000033,2.025481,10.982653,20.511608,-151.20143,63.656963,-82.930954,45.75725,7.607256,-5.5269933,46.301807,23.284258,-33.933117,-34.25405,-23.9639,-43.07549,17.696943,-20.66523
178,3.657827138900757,-2.446183443069458,84.23966979980469,-10.338257830518483,-6.787368736633395,-91.40730212881918,-0.66043323,17.042019,15.51717,24.939117,4.917465,-7.0255933,-71.993286,2.5486424,-12.0613785,105.60665,2.046257,15.000033,1.9751523,9.833108,20.076939,-148.75494,63.463997,-84.196266,45.31756,7.6588078,-4.7105107,45.032223,19.022522,-38.290874,-34.490158,-23.99724,-42.96506,18.400173,-20.177021
179,3.6593072414398193,-2.5053930282592773,85.00383758544922,-10.135116928370497,-6.803276610771138,-92.00012572582999,-1.3356092,17.185154,15.397678,25.380545,8.862121,-7.752067,-68.37041,3.4312496,-11.967702,101.39293,4.152912,15.000033,1.7628462,8.586307,19.564884,-145.47536,63.504814,-85.06564,44.697735,7.963523,-3.736045,43.508472,14.183358,-42.95363,-34.076077,-23.155891,-43.044743,19.139616,-19.780483
180,3.6396567821502686,-2.5672430992126465,85.73004913330078,-9.803673263419583,-6.955249084342132,-92.44359650155367,-2.0841348,16.998802,14.562398,26.103079,12.737223,-8.71991,-64.50491,4.098769,-11.640718,97.05625,6.2202454,15.000033,1.4257103,7.3096585,18.948618,-141.07771,63.803825,-85.118126,44.089855,8.545899,-2.6326008,41.71252,8.758069,-47.858704,-32.84181,-21.359245,-43.264584,19.788113,-19.771358
181,3.592996597290039,-2.6228713989257812,86.41326141357422,-9.235805870623132,-7.281963352741345,-92.64377085939181,-2.8480506,16.105019,12.524015,26.878248,16.913713,-10.185817,-60.348877,4.5694323,-10.867289,92.6197,8.278065,15.000033,0.9119683,5.972551,18.277489,-135.35019,64.38497,-84.14851,43.405727,9.46366,-1.4528934,39.51613,2.610731,-52.930904,-30.635551,-18.689064,-43.69573,20.321861,-20.238358
182,3.5326931476593018,-2.6776061058044434,87.05255126953125,-8.463834560658487,-7.768658053378714,-92.643942886162,-3.5977707,14.552246,9.512965,27.748318,21.30531,-12.24543,-55.9002,4.8684363,-9.658747,88.044044,10.340214,15.000033,0.27608034,4.6759477,17.611721,-128.33804,65.260635,-82.11791,42.478577,10.701909,-0.20299451,36.9452,-4.76154,-58.09796,-27.099142,-15.152634,-44.379765,20.808174,-21.018513
183,3.467442750930786,-2.7429099082946777,87.63440704345703,-7.519433174830899,-8.353652753636315,-92.5188139914674,-4.292528,12.602203,6.355262,28.930374,25.161303,-14.553555,-51.293278,4.8665047,-8.213562,83.45557,12.207936,15.000033,-0.45122334,3.5063047,17.001608,-120.17,66.41624,-78.88831,41.396664,12.158235,1.1558155,34.203037,-13.34126,-63.261284,-22.107546,-11.10992,-44.89305,21.276258,-22.047255
184,3.401470184326172,-2.8193745613098145,88.15374755859375,-6.443400288927684,-8.966495523121855,-92.34375489215483,-5.0207405,10.931977,4.729155,30.794115,27.80606,-15.000033,-46.68252,4.456955,-6.7645,78.962776,13.695505,15.000033,-1.140332,2.571066,16.524033,-110.84894,67.79037,-74.14979,40.153763,13.769693,2.683477,31.501186,-23.178574,-68.26858,-15.566464,-6.870523,-44.930557,21.72054,-23.23912
185,3.329455852508545,-2.897463321685791,88.60285949707031,-5.15080270807413,-9.648016701014953,-92.07587782156727,-5.8177857,9.406723,4.1993575,33.59025,28.929691,-15.000033,-42.00217,3.4056418,-5.4259224,74.569374,14.639233,15.000033,-1.7472228,1.7164474,16.350218,-100.09355,69.2529,-67.54254,38.505928,15.621989,4.5076127,28.704672,-34.112076,-72.92416,-7.6539626,-2.8455546,-44.302677,22.09183,-24.687199
186,3.2372231483459473,-2.9691059589385986,88.96868133544922,-3.7424550845326006,-10.440904924154232,-91.73535929384948,-6.7614965,7.9810157,4.061358,37.39671,28.837473,-15.000033,-37.196945,1.8997751,-4.2644296,70.154686,15.196767,15.000033,-2.2103028,0.9088352,16.630041,-87.81295,70.603,-59.110996,36.11093,17.725225,6.5287194,25.652065,-45.75873,-77.02732,1.101078,0.5400797,-43.197987,22.353977,-26.353796
187,3.1416072845458984,-3.0324008464813232,89.24183654785156,-2.3174273540778896,-11.210356045667941,-91.41231406509212,-8.034764,6.839313,4.2335997,42.00982,28.031158,-15.000033,-32.535194,0.29225537,-3.2367322,65.78379,15.594947,15.000033,-2.534273,0.039999694,17.29097,-74.530396,71.61078,-49.513752,33.034355,19.884542,8.493794,22.532509,-57.569366,-80.4431,9.995612,3.037149,-41.935036,22.5255,-27.96312
188,3.055846929550171,-3.091336727142334,89.4273681640625,-1.0261467481815674,-11.80227615768953,-91.21943982239404,-9.819555,6.208379,4.6879263,47.182137,27.03796,-15.000033,-28.272858,-1.0323385,-2.2886777,61.485435,16.111416,15.000033,-2.7210352,-0.9200302,18.130678,-61.06966,72.08766,-39.71524,29.676197,21.871288,10.182345,19.61327,-69.08817,-83.11225,18.4541,4.7540216,-40.854218,22.658587,-29.26503
189,2.9508767127990723,-3.1511805057525635,89.5210952758789,0.2017430976505188,-12.184722251661707,-91.11781454928521,-12.128721,6.136143,5.63334,52.980236,25.904493,-15.000033,-24.440992,-2.0210292,-1.183376,57.24166,16.805847,15.000033,-2.869259,-2.1758785,18.984573,-48.10916,71.893974,-30.474157,26.551502,23.677021,11.622335,16.964283,-80.08959,-85.053764,26.222158,6.1300483,-40.19755,22.83038,-30.13646
190,2.814603090286255,-3.1984992027282715,89.50599670410156,1.4707997965279194,-12.424120327046994,-91.04681891433081,-14.7983055,6.6635423,7.154608,59.420948,24.401434,-14.662031,-20.936474,-3.0405529,-0.099182606,53.10021,17.515566,14.639215,-3.0159717,-3.8345017,19.759062,-36.0833,70.92462,-22.306877,23.959509,25.394463,12.916006,14.505294,-90.545204,-86.32891,33.301945,7.52917,-39.851856,23.013931,-30.756214
191,2.6852986812591553,-3.2248880863189697,89.37155151367188,2.6940813818517806,-12.560143464124796,-91.05141025664375,-17.6533,8.088809,9.287175,66.166626,22.638372,-12.67681,-17.746283,-4.041995,0.82746726,49.20214,18.160227,13.792189,-3.0525389,-5.6262517,20.396048,-25.486443,69.18713,-15.724041,22.070086,26.9556,14.002316,12.344841,-100.50765,-87.02907,39.822357,9.043908,-39.58787,23.116053,-31.324455
192,2.572873830795288,-3.2425429821014404,89.12492370605469,3.8320180760743447,-12.615829496538158,-91.14358014196551,-20.708618,9.486794,10.75441,72.80897,20.81066,-10.697875,-14.88051,-4.8695993,1.7915965,45.72193,18.633778,13.049441,-2.8906698,-7.3335705,20.871475,-16.57385,66.795235,-10.997582,20.935583,28.278809,14.837204,10.599211,-110.01912,-87.260254,45.92731,10.635686,-39.162758,23.029833,-32.032448
193,2.4697742462158203,-3.2611477375030518,88.77790832519531,4.895293886222825,-12.572137585221702,-91.33803281031975,-24.090786,10.521274,11.407615,79.381905,18.999176,-8.899758,-12.321975,-5.4568877,2.955061,42.57404,19.179092,12.641393,-2.479817,-8.843035,21.213284,-9.388532,63.911854,-8.099826,20.761143,29.183775,15.428429,9.520947,-119.225494,-87.11627,51.777225,12.420827,-38.512802,22.6778,-32.898155
194,2.3698174953460693,-3.2769031524658203,88.33412170410156,5.899945892001892,-12.416960825254916,-91.60618136506628,-27.821417,11.330843,11.573035,86.050415,17.131096,-7.1831884,-10.053922,-5.8620076,4.3017936,39.69655,19.770086,12.437567,-1.8613974,-10.14257,21.432745,-3.6795516,60.684643,-6.7248964,21.521374,29.759823,15.849774,9.022276,-128.21448,-86.65844,57.493675,14.424196,-37.702663,22.136518,-33.814346
195,2.2740871906280518,-3.279968023300171,87.80805969238281,6.827488321607802,-12.176612293717131,-91.88580661863789,-31.819992,11.999789,11.397159,92.59597,15.260216,-5.576913,-8.104568,-6.2511563,5.5109205,37.2918,19.914183,11.986484,-1.1353546,-11.225921,21.53184,0.92999,57.25833,-6.489832,22.888525,30.31211,16.140368,8.677381,-136.80865,-85.90521,62.99026,16.373978,-36.68314,21.512466,-34.78585
196,2.1756179332733154,-3.2675318717956543,87.20468139648438,7.663634166766011,-11.878854705193344,-92.12402987315294,-36.00264,12.680116,11.010227,98.79357,13.427471,-4.0688066,-6.5090547,-6.7374806,6.2666187,35.552525,19.122345,10.870731,-0.4351934,-12.163067,21.39252,4.7966566,53.7716,-7.085893,24.636402,31.153332,16.322407,8.033587,-144.07957,-84.89263,67.55689,17.919819,-35.479588,20.94044,-35.88543
197,2.07296085357666,-3.246687650680542,86.54118347167969,8.424549571072946,-11.482880229475633,-92.31645448797498,-40.42635,13.466901,10.528836,104.66547,11.647832,-2.577928,-5.286808,-7.30543,6.531796,34.58768,17.171572,8.760318,0.09394714,-13.121468,20.810394,8.2301445,50.362873,-8.2295475,26.897026,32.51574,16.435453,6.7813015,-148.74689,-83.74659,69.933235,18.858538,-34.132565,20.337952,-37.169727
198,1.961012363433838,-3.216510534286499,85.83654022216797,9.111531821214955,-10.990498666151137,-92.48342221485669,-45.137287,14.187354,9.838691,110.32275,9.918601,-1.1949857,-4.389802,-7.82916,6.5566874,34.24059,14.328439,6.050075,0.41508517,-14.122471,19.969242,11.527895,47.089027,-9.494752,29.531828,34.07326,16.44129,5.2020526,-151.37877,-82.63797,70.29856,19.27319,-32.76366,19.571644,-38.472267
199,1.8793832063674927,-3.1601526737213135,85.0093994140625,9.682110916375752,-10.494290544657801,-92.61966713872556,-50.0256,14.70047,8.852728,115.6584,8.243705,0.0066929925,-3.7306695,-8.255226,6.444413,34.25341,10.866838,3.4111388,0.57660353,-15.050085,19.135235,14.791336,43.92598,-10.701534,32.16075,35.36425,16.257208,3.7162313,-153.05524,-81.67906,69.66745,19.174772,-31.552317,18.79344,-39.67733
200,1.8135017156600952,-3.0807230472564697,84.14179992675781,10.10131007509414,-10.086350938154148,-92.7218361858865,-54.981712,14.861557,7.5320034,120.54442,6.6418257,0.9668086,-3.2284558,-8.5860405,6.217152,34.363197,7.093275,1.4510512,0.62443715,-15.821328,18.455153,17.89162,40.830383,-11.918035,34.68541,35.957104,15.838207,2.7587047,-154.24646,-80.929955,68.60668,18.549828,-30.731697,18.204115,-40.737274
201,1.7540422677993774,-2.9953417778015137,83.27326202392578,10.320921233817126,-9.772295675849238,-92.75781998476498,-60.135086,14.516742,5.796579,124.96157,5.161469,1.6272662,-2.8445287,-8.917145,5.5941477,34.411858,2.7719395,0.29205763,0.5430769,-16.379997,17.947884,20.822727,37.818405,-13.311818,37.100624,35.64107,15.075528,2.4649546,-155.13046,-80.42331,67.30403,17.281956,-30.430777,17.95062,-41.604248
202,1.7058137655258179,-2.8888981342315674,82.4078140258789,10.384659210730453,-9.515171006242763,-92.74477121931203,-65.46026,13.736229,3.8229463,128.98267,3.8015025,2.0524673,-2.5954435,-9.256736,4.6310534,34.52409,-2.125178,-0.35552505,0.3829557,-16.768631,17.587696,23.547127,34.917213,-14.884576,39.494896,34.708023,14.035509,2.5680258,-155.77943,-80.17359,65.834114,15.416674,-30.440523,17.911428,-42.32113
203,1.679751992225647,-2.7615129947662354,81.51728820800781,10.393042510735858,-9.340858403624845,-92.75956180406259,-70.63523,12.7856245,1.9480503,132.5993,2.5015464,2.4008243,-2.5222046,-9.529291,3.7771797,34.90147,-6.9728417,-0.60163176,0.251449,-17.082472,17.427248,25.96113,32.089462,-16.394653,41.90669,33.495213,12.94862,2.9147274,-156.22731,-80.1831,64.297134,13.174493,-30.532873,17.887632,-42.981213
204,1.6759617328643799,-2.612562417984009,80.60371398925781,10.44155062478628,-9.271041898139206,-92.87629583112714,-75.39653,11.975332,0.4165692,135.7927,1.2085057,2.8232784,-2.694281,-9.65854,3.4858232,35.78281,-11.175639,-0.61944294,0.23705979,-17.40826,17.51814,28.031311,29.263927,-17.541868,44.31836,32.34644,12.055273,3.386253,-156.4966,-80.43304,62.76491,10.786649,-30.479206,17.679037,-43.682613
205,1.6934305429458618,-2.431302070617676,79.68859100341797,10.544826037987786,-9.336028867681497,-93.12290696708624,-79.827156,11.248868,-0.8631175,138.53389,-0.087198704,3.209749,-3.2098687,-9.5931,4.003341,37.402897,-14.705854,-0.37090304,0.35096273,-17.777489,17.91592,29.897564,26.334337,-18.075329,46.69073,31.24744,11.434043,4.117941,-156.61568,-80.9049,61.2481,8.26795,-30.260496,17.177137,-44.592014
206,1.746840238571167,-2.2401669025421143,78.80479431152344,10.64675023042125,-9.51752755621624,-93.46389060376694,-84.06069,10.530516,-2.0371487,140.84999,-1.3523402,3.5247211,-4.0433154,-9.394457,5.0050373,39.6694,-17.896055,0.14389198,0.51759547,-18.136766,18.596004,31.586576,23.287132,-18.149595,49.0125,30.09835,10.944459,5.1441503,-156.59225,-81.56852,59.70134,5.5389776,-29.968348,16.510164,-45.61348
207,1.8239071369171143,-2.0402214527130127,77.96923828125,10.737534935474075,-9.758654171880126,-93.86882105421114,-87.96615,10.056078,-3.064612,142.79399,-2.5593371,3.9489505,-5.074935,-9.134571,6.1113405,42.311737,-20.684538,0.67883366,0.6970185,-18.45859,19.471207,32.922596,20.232496,-18.042866,51.279568,29.075052,10.513659,6.2115035,-156.4271,-82.360985,58.142296,2.7316248,-29.535557,15.843359,-46.476227
208,1.8935449123382568,-1.8346829414367676,77.22087097167969,10.813295423690013,-10.000985055213707,-94.3045181852885,-91.41875,10.070093,-3.9076521,144.40572,-3.6689465,4.6733084,-6.1667824,-8.88624,6.9614005,45.002182,-22.966112,0.9942789,0.86599493,-18.725613,20.440495,33.77417,17.358168,-18.00699,53.448635,28.319967,10.077566,7.04966,-156.13799,-83.19601,56.637234,0.019878155,-28.899952,15.353532,-46.927925
209,1.9544012546539307,-1.630540132522583,76.54440307617188,10.893511922587587,-10.213821067406254,-94.82758972572104,-94.460304,10.833204,-4.611877,145.65327,-4.639522,5.7990484,-7.43301,-8.63998,7.4926753,47.85908,-24.553648,0.9830044,1.0766577,-18.96113,21.47931,34.223694,14.751342,-17.99777,55.419743,27.822939,9.601645,7.398954,-155.77208,-84.01794,55.239784,-2.5819457,-28.10923,15.209684,-46.881973
210,1.9912151098251343,-1.4386852979660034,75.93937683105469,10.985907954760833,-10.436891416365341,-95.43734494651238,-97.1733,12.180356,-5.223383,146.53017,-5.52137,7.212886,-8.864752,-8.357158,7.8834133,50.949795,-25.542343,0.79120004,1.3489048,-19.17864,22.617315,34.40349,12.408032,-17.896336,57.13946,27.478296,9.12623,7.432987,-155.36287,-84.7953,54.01301,-5.050199,-27.208216,15.306361,-46.51983
211,2.0035483837127686,-1.2522757053375244,75.40795135498047,11.076041568657063,-10.71405165642511,-96.00734431680324,-99.47751,13.704866,-5.6802216,147.11377,-6.408916,8.761542,-10.149601,-8.091027,8.151033,53.857754,-26.231443,0.56342053,1.6152425,-19.355526,23.816725,34.248608,10.401342,-17.834307,58.657444,27.270454,8.701,7.5302463,-154.91544,-85.469345,53.06956,-7.180846,-26.142408,15.409589,-45.992905
212,2.003875970840454,-1.074676275253296,74.95366668701172,11.142377939345659,-11.081679087279174,-96.40096843564099,-101.28889,14.991259,-5.9059925,147.4814,-7.359332,10.284757,-10.99518,-7.8991303,8.319346,56.172855,-26.92192,0.43897536,1.8216372,-19.460663,25.021301,33.70596,8.84437,-17.97565,60.00788,27.171427,8.366437,8.054917,-154.45116,-85.97086,52.56785,-8.752656,-24.864836,15.2788315,-45.44666
213,1.9959545135498047,-0.9095478057861328,74.56985473632812,11.18059209679317,-11.592490579250738,-96.57609393218719,-102.54294,16.073004,-5.8246055,147.60654,-8.438392,11.960374,-11.272997,-7.7928286,8.414401,57.759766,-27.645506,0.46274513,1.9752167,-19.479734,26.269602,32.65724,7.834435,-18.62974,61.267048,27.226147,8.116599,9.010464,-153.97803,-86.2516,52.602158,-9.731375,-23.16098,14.83396,-44.86075
214,1.9724860191345215,-0.7497172355651855,74.24293518066406,11.210374704560659,-12.206013034663494,-96.59577885151066,-103.276215,17.157066,-5.420154,147.46274,-9.607648,13.818037,-11.163454,-7.764302,8.418338,58.836086,-28.253895,0.5619805,2.1384573,-19.421366,27.541002,31.186049,7.350763,-19.699217,62.382465,27.39837,7.9199343,10.19581,-153.53416,-86.31992,53.188915,-10.182577,-21.163706,14.21562,-44.16232
215,1.950646162033081,-0.6027474403381348,73.96836853027344,11.216575465917499,-12.818422784914356,-96.4819528267464,-103.55394,17.75612,-4.8817687,147.13348,-10.696553,15.000033,-10.846004,-7.809118,8.288786,59.52491,-28.767757,0.6803257,2.3169641,-19.270285,28.702862,29.526947,7.305945,-20.722446,63.186344,27.56194,7.7861247,11.686613,-153.16295,-86.208015,54.315807,-10.057219,-19.321087,13.496364,-43.413277
216,1.9404642581939697,-0.4799424111843109,73.76055145263672,11.172302338904352,-13.330252680139255,-96.26584712268138,-103.50966,17.627344,-4.3890057,146.70029,-11.498619,15.000033,-10.494076,-7.907913,7.9875965,59.943893,-29.20446,0.7587826,2.491451,-19.003372,29.639658,27.916033,7.6065774,-21.191847,63.49875,27.613346,7.729769,13.583172,-152.89459,-85.94407,55.926792,-9.314783,-18.0636,12.7358675,-42.689873
217,1.954331636428833,-0.3904053270816803,73.62835693359375,11.032221939173821,-13.588692499802809,-95.8902185493146,-103.44794,17.462585,-3.6226084,146.10925,-11.806033,15.000033,-10.286447,-8.067468,7.4552073,60.10788,-29.580587,0.77787596,2.6317446,-18.4728,29.793802,26.25113,8.225588,-21.241032,63.850628,27.386456,7.781798,16.195694,-152.48,-85.45052,58.25857,-7.806533,-17.5035,11.87403,-42.101967
218,1.9808508157730103,-0.3111847937107086,73.55113983154297,10.831560851095535,-13.798922958900272,-95.36037124655341,-103.08212,17.263502,-2.5670204,145.35011,-11.811356,15.000033,-9.947011,-8.322931,6.7182865,59.942852,-29.892307,0.77194756,2.7507527,-17.7545,29.793802,24.361109,9.194077,-21.013262,63.99789,27.00727,7.9129725,19.428665,-152.13567,-84.72608,61.10894,-5.624786,-17.442526,10.880133,-41.5356
219,1.9973589181900024,-0.2310420423746109,73.53069305419922,10.587780628527652,-13.968739251664477,-94.8189142935481,-102.41045,17.13881,-1.477537,144.53015,-11.741242,15.000033,-9.514597,-8.548481,5.937841,59.494263,-30.066866,0.74941885,2.9246862,-16.919796,29.793802,22.575336,10.459828,-20.294147,63.391712,26.763184,8.066326,22.639711,-151.93074,-83.803185,64.26963,-2.9868126,-17.611559,9.88168,-40.924805
220,2.0066165924072266,-0.15317963063716888,73.58655548095703,10.347448760620107,-14.057812848241621,-94.37041850947504,-101.47675,17.073874,-0.6052182,143.72969,-11.781854,14.71354,-9.100707,-8.68166,5.2772255,58.833096,-30.044586,0.73336107,3.1558433,-16.086184,29.793802,21.227365,11.912082,-18.81942,61.57705,26.949877,8.223285,25.185562,-151.8468,-82.714676,67.530205,-0.107275896,-17.717583,9.010472,-40.212967
221,2.021484375,-0.07250522077083588,73.71432495117188,10.10898883021963,-14.042223397498171,-94.05522397749614,-100.27387,17.025608,-0.046461605,142.9654,-11.941958,13.946825,-8.752624,-8.690803,4.783816,57.976486,-29.830545,0.7229376,3.4518723,-15.255928,29.793802,20.51927,13.469752,-16.033188,58.16362,27.799932,8.450927,26.763683,-151.85927,-81.48124,70.78316,3.099467,-17.800386,8.281741,-39.38072
222,2.0340843200683594,0.00643100356683135,73.91539001464844,9.858664400456739,-13.941416433505658,-93.80987188657375,-98.7926,17.114801,0.39948133,142.19067,-12.132186,13.038555,-8.418176,-8.630458,4.375296,56.893623,-29.453028,0.71044797,3.7771153,-14.4098425,29.793802,20.295258,15.095445,-12.106971,53.459007,29.0964,8.758427,27.738935,-151.87851,-80.11485,74.01365,6.6623588,-17.951246,7.6193514,-38.437874
223,2.0362777709960938,0.09430788457393646,74.18527221679688,9.6220234869588,-13.785600846723833,-93.59253335418735,-97.06639,17.282787,0.7940591,141.39688,-12.391017,12.059207,-8.044336,-8.548972,4.017092,55.564636,-28.880713,0.7013711,4.0751696,-13.613782,29.793802,20.259619,16.72327,-7.8815255,48.149666,30.454508,9.0564575,28.507328,-151.80867,-78.6523,77.1992,10.277456,-17.960302,7.023786,-37.372105
224,2.025137186050415,0.1703384518623352,74.52957916259766,9.420290901351152,-13.607535578062574,-93.36137093502717,-95.12691,17.473265,1.1920657,140.57483,-12.755931,11.079612,-7.577303,-8.491993,3.6736474,53.976395,-28.080849,0.7015183,4.2697277,-12.904013,29.793802,20.06067,18.337822,-4.2385616,42.95121,31.527708,9.283658,29.525236,-151.57224,-77.14581,80.344765,13.60322,-17.613619,6.5055027,-36.174484
225,2.004213333129883,0.24570892751216888,74.9446029663086,9.265669444156677,-13.39670140116596,-93.14154405557628,-92.958595,17.675985,1.5689275,139.76445,-13.309843,10.010155,-7.025311,-8.456809,3.356465,52.11493,-27.088112,0.70362103,4.346756,-12.294156,29.793802,19.71154,19.963081,-1.3423413,37.820473,32.239105,9.344109,31.0047,-151.18066,-75.65268,83.43396,16.599043,-16.820866,6.129212,-34.838295
226,1.9759550094604492,0.31021004915237427,75.43437194824219,9.148367554578133,-13.146513104207452,-92.94571733329475,-90.54059,17.922976,1.9161133,138.95355,-14.0078125,8.85112,-6.4047337,-8.428109,3.0795333,49.996864,-25.910263,0.70674187,4.3472266,-11.760697,29.793802,19.38515,21.614279,1.2646786,32.42781,32.756615,9.303938,32.698326,-150.64401,-74.2282,86.472534,19.362978,-15.713621,5.8844438,-33.36524
227,1.9307917356491089,0.3558454215526581,75.99781036376953,9.04567854388677,-12.89203742750043,-92.71076092925804,-87.906006,18.217535,2.3067763,138.05379,-14.68914,7.803983,-5.6772666,-8.420156,2.8067973,47.650047,-24.476921,0.72893804,4.2252088,-11.28986,29.793802,19.094765,23.323986,3.6748922,26.90923,33.153664,9.35332,34.380447,-149.845,-72.924545,89.43156,21.742098,-14.407147,5.678999,-31.762175
228,1.8810302019119263,0.3830271065235138,76.62196350097656,8.934949913905543,-12.646334811777752,-92.37022246839079,-85.11562,18.553251,2.8094497,136.97868,-15.1837,7.067213,-4.8319345,-8.442536,2.501189,45.104336,-22.71605,0.7914477,3.94033,-10.854047,29.702435,18.82219,25.139194,5.9294653,21.497017,33.50019,9.676671,35.819633,-148.58797,-71.79225,92.28939,23.578241,-13.005513,5.4224906,-30.054548
229,1.8267171382904053,0.3787195384502411,77.30098724365234,8.802155501495648,-12.288474723796357,-91.87315669717951,-82.29037,18.914452,3.451012,135.76292,-15.557577,6.715799,-3.9451926,-8.473277,2.1433287,42.25351,-20.62305,0.8975462,3.4291427,-10.428474,28.976263,18.469706,27.148415,7.7021427,16.60784,33.85317,10.368783,37.063698,-146.33076,-70.84818,94.97862,24.695444,-11.292988,5.02515,-28.253454
230,1.7769137620925903,0.35818201303482056,78.0349349975586,8.66684098140435,-11.92735999259011,-91.2702389509551,-79.251816,19.27792,4.2038417,134.44212,-15.89818,6.621909,-2.9096859,-8.50994,1.7450985,39.125168,-18.25149,1.0425627,2.690761,-10.122667,28.018097,18.24926,29.374887,9.22216,11.769246,34.13471,11.300196,38.205154,-143.26927,-70.15113,97.29606,25.223112,-9.354809,4.599707,-26.383757
231,1.7386268377304077,0.31506264209747314,78.81131744384766,8.51895948515782,-11.565815320069417,-90.61343324706941,-76.0897,19.668541,5.0177846,132.89856,-15.928902,6.715063,-1.892981,-8.53887,1.3399987,36.021484,-15.590109,1.2302902,1.8327546,-9.914901,26.855246,18.11027,31.81352,10.672266,7.1259856,34.321625,12.36372,39.115627,-139.29498,-69.741234,99.02829,25.35911,-7.74954,4.336836,-24.562895
232,1.709554672241211,0.24725976586341858,79.61963653564453,8.347331734395212,-11.206291690012616,-89.95427624487071,-72.88665,20.119781,5.8509574,131.01797,-15.379594,6.9277487,-1.0600945,-8.547244,0.9596873,33.229916,-12.612032,1.4621289,0.98432285,-9.759901,25.570225,17.948341,34.4466,12.209342,2.8206143,34.40233,13.450563,39.663628,-134.44305,-69.63639,100.09014,25.293713,-7.025636,4.3794737,-22.891077
233,1.6886591911315918,0.16262821853160858,80.45115661621094,8.175235164182332,-10.817840009509728,-89.26081206144497,-69.64389,20.638683,6.756198,128.79047,-14.099624,7.360817,-0.41663104,-8.568068,0.6176047,30.698547,-9.173338,1.7117556,0.1183452,-9.704469,24.175102,17.881378,37.28285,13.903817,-1.3312225,34.370335,14.544875,39.705357,-128.78358,-69.83974,100.65644,24.866316,-7.337608,4.700574,-21.42962
234,1.6718825101852417,0.07024936378002167,81.30085754394531,7.988441914833107,-10.408316811169719,-88.51634835312305,-66.300804,21.212183,7.754268,126.28052,-12.293024,8.02116,0.08566921,-8.560876,0.2833967,28.349611,-5.3450336,1.9690369,-0.8001372,-9.720486,22.69595,17.939299,40.325233,15.673622,-5.4210024,34.262012,15.691327,39.342033,-122.40525,-70.35703,100.792,23.989937,-8.373219,5.1996684,-20.10803
235,1.6777982711791992,-0.0178071279078722,82.14704132080078,7.729994131495661,-10.035279463422729,-87.79722695508043,-62.848625,21.844717,8.768769,123.47105,-10.211317,8.691915,0.37879658,-8.441885,-0.06128309,26.402906,-1.3925464,2.2631295,-1.6276015,-9.651469,21.268387,17.797201,43.5467,17.388676,-9.129696,34.146774,16.871674,38.805843,-115.40914,-71.189445,100.293526,22.948378,-9.991619,5.885412,-18.802023
236,1.7124102115631104,-0.10160880535840988,82.96549224853516,7.348524480320063,-9.753718390774067,-87.18018499323269,-59.28505,22.521275,9.728353,120.33558,-8.08337,9.135,0.4372259,-8.175987,-0.41866818,25.001402,2.4609263,2.6484697,-2.2151632,-9.37141,20.030794,17.098028,46.918385,18.885159,-12.136842,34.10327,18.064276,38.32124,-107.8214,-72.32292,98.88415,22.020603,-12.077393,6.763997,-17.373108
237,1.7695056200027466,-0.17793008685112,83.7737808227539,6.823931136910473,-9.564860681289746,-86.69462291608342,-55.587326,23.292273,10.630643,116.83151,-5.7551403,9.336939,0.27450174,-7.8294473,-0.95210516,23.993158,6.48731,3.2226408,-2.459761,-8.831825,19.00706,15.620775,50.438744,20.006706,-14.396867,34.186714,19.330017,37.815018,-99.33255,-73.7373,96.34048,21.149227,-14.926539,7.960219,-15.640484
238,1.8450525999069214,-0.24420183897018433,84.56346130371094,6.192958991444185,-9.43876178132356,-86.29527163792925,-51.756546,24.113886,11.545135,112.98329,-3.1746597,9.38153,-0.06661491,-7.430681,-1.5675418,23.268272,10.750283,3.979627,-2.393754,-8.099097,18.15382,13.32159,54.135162,20.616974,-16.018278,34.37376,20.64865,37.1952,-89.71445,-75.404495,92.61043,20.130434,-18.534018,9.368535,-13.66326
239,1.954911708831787,-0.2925918996334076,85.3214111328125,5.511293911305834,-9.383126388995969,-85.94380062844617,-47.835594,24.801783,12.498045,108.85667,-0.70236623,9.168279,-0.563362,-6.9179997,-1.8821503,23.023083,14.721229,4.845585,-2.0644312,-7.229106,17.501036,10.028857,58.01253,20.494766,-16.904797,34.596798,21.877995,36.669735,-79.06196,-77.27258,87.6259,19.030201,-22.284512,10.689518,-11.699141
240,2.086805820465088,-0.3190388083457947,86.03836059570312,4.836099394097224,-9.408503059818672,-85.59958306990644,-43.872234,25.171095,13.472583,104.489136,1.313814,8.597984,-1.1892577,-6.212154,-1.5501125,23.468678,17.85428,5.72762,-1.5482907,-6.2674537,17.074898,5.4899855,62.046406,19.355917,-16.93166,34.763004,22.883915,36.465115,-67.50255,-79.25496,81.32848,17.93913,-25.503052,11.695693,-10.06437
241,2.2467942237854004,-0.3258485198020935,86.69287872314453,4.1526552090101365,-9.564814429726518,-85.264331117112,-39.75128,25.265253,14.474739,99.78267,2.659644,7.561164,-1.8836424,-5.0953693,-0.16618416,24.69513,19.88802,6.643376,-0.8739197,-5.155923,16.91188,-0.6785041,66.1419,16.881056,-16.07479,34.79847,23.664377,36.725513,-54.782825,-81.19049,73.398415,16.930769,-27.963053,12.372063,-8.804571
242,2.44295072555542,-0.29125553369522095,87.26405334472656,3.40987968033853,-9.839944809826275,-84.94809598421945,-35.51629,25.145864,15.408908,94.73717,3.5824068,6.112471,-2.667494,-3.5544536,1.9542897,26.650213,21.07967,7.7051597,-0.13575847,-3.8637037,16.986612,-8.523186,70.14121,13.001397,-14.477266,34.655434,24.314571,37.37138,-40.621166,-82.80345,63.697277,15.837026,-29.909086,12.865697,-7.7744446
243,2.6590938568115234,-0.2309563308954239,87.76258850097656,2.596347623361065,-10.149379970303652,-84.62747469394677,-31.465214,24.707047,16.01284,89.53341,4.417006,4.3920965,-3.6768656,-1.8320003,4.038463,29.403078,21.652334,8.882629,0.4588768,-2.4764214,17.23989,-17.485668,73.88896,8.078905,-12.409698,34.330765,24.835712,38.27271,-25.568071,-83.76556,52.839024,14.549265,-31.430637,13.231933,-7.019098
244,2.848358392715454,-0.15536026656627655,88.18631744384766,1.718673105526551,-10.402671084295376,-84.28853414103934,-27.871096,23.896265,16.051682,84.36091,5.4586463,2.5958588,-5.092266,-0.25757885,5.315902,33.01474,21.887915,10.066135,0.7663338,-1.0630708,17.611458,-26.78856,77.30241,2.7027285,-10.1753025,33.913277,25.1935,39.24349,-10.810097,-83.874146,42.04636,13.114214,-32.693985,13.531309,-6.5939736
245,3.0330424308776855,-0.036650944501161575,88.52252960205078,0.7356094682909364,-10.612836798518195,-83.94508662584447,-24.760784,22.660202,15.303713,79.141365,6.76811,0.7706222,-7.0178924,0.96370846,5.318422,37.817772,21.796543,11.060368,0.7429134,0.4373411,18.1285,-35.982086,80.370605,-2.6149144,-7.9535284,33.59372,25.357723,40.22103,2.284823,-83.14328,32.60245,11.878682,-33.77262,13.808812,-6.653625
246,3.2305784225463867,0.11023026704788208,88.76982879638672,-0.3467785036010184,-10.81513189241732,-83.61477654117834,-21.908394,21.213377,13.928546,73.82764,8.104871,-1.0728543,-9.407067,1.8906592,4.4988723,43.799236,21.25023,11.780953,0.4081499,2.074667,18.76035,-44.804188,83.13118,-7.604531,-5.7783403,33.434338,25.317797,41.239174,12.7701845,-81.7234,25.41492,11.172133,-34.652157,14.045491,-7.1210637
247,3.43731689453125,0.28932836651802063,88.90534973144531,-1.4373293410961228,-10.94728024433109,-83.28836071401442,-19.23914,19.846987,12.307656,68.651085,9.338648,-2.8141315,-12.204495,2.5806286,3.4985569,50.43595,20.381516,12.320928,-0.16671248,3.7553604,19.347902,-53.09087,85.63593,-12.3266735,-3.5984056,33.337666,25.057838,42.247135,20.407557,-79.8435,20.842154,11.07512,-35.34113,14.215406,-7.7454095
248,3.6357674598693848,0.48663583397865295,88.91790008544922,-2.4478923425381933,-10.944187344583149,-82.95242575500451,-16.760994,18.76268,10.828627,63.823845,10.40445,-4.404764,-15.343437,3.3096836,2.9563541,57.176804,19.317026,12.959739,-0.8879809,5.392477,19.738096,-60.903618,87.86246,-17.033388,-1.3189054,33.179653,24.571556,43.21554,25.61723,-77.70941,18.611055,11.551302,-35.83084,14.285084,-8.285784
249,3.8253650665283203,0.6967623829841614,88.80319213867188,-3.3448605187568416,-10.769045600518654,-82.59974832631036,-14.543181,17.862427,9.506091,59.279865,11.396088,-5.964563,-18.866346,4.334783,2.9879863,64.11756,17.934425,13.935595,-1.6683164,6.984309,19.862068,-68.654495,89.70003,-22.056417,1.236148,32.90759,23.862823,44.261005,29.060062,-75.4897,18.101683,12.603171,-35.925957,14.199651,-8.731104
250,4.006308555603027,0.9019678235054016,88.581298828125,-4.179657392845651,-10.463323942593329,-82.24259315826858,-12.580155,17.059334,8.182062,54.916233,12.342963,-7.5065227,-22.757113,5.527512,3.138654,71.47696,16.1831,15.000033,-2.4197583,8.609284,19.769451,-76.82956,91.02704,-27.704847,4.1838346,32.6043,22.96933,45.390854,31.357752,-73.2539,18.630825,14.219223,-35.571556,14.001299,-9.228542
251,4.173284530639648,1.1100457906723022,88.25991821289062,-4.993810653955746,-10.079385395136702,-81.89280649271461,-10.833736,16.50611,6.986436,50.894627,13.131099,-8.890988,-26.89439,6.37006,2.8193412,78.86919,14.342196,15.000033,-3.07511,10.275116,19.52668,-85.68716,91.82887,-34.262726,7.550925,32.283806,21.944977,46.421658,33.139523,-70.952774,19.581413,16.138477,-35.032864,13.790696,-9.755994
252,4.333408832550049,1.3326128721237183,87.83969116210938,-5.813070899193548,-9.66790433651302,-81.55661096573505,-9.273985,16.30913,6.089575,47.38094,13.654706,-9.963197,-31.121,7.1515336,2.5197215,85.911705,12.657514,15.000033,-3.5975852,11.946818,19.244942,-95.40217,92.16268,-41.947536,11.323318,31.914576,20.840467,47.158394,34.78834,-68.49388,20.55621,18.108578,-34.614727,13.668485,-10.28466
253,4.485851764678955,1.576159954071045,87.33293914794922,-6.655680903653698,-9.194530212147665,-81.21141882329403,-7.9943953,16.557014,5.646619,44.425724,14.308843,-10.735568,-35.47543,7.904579,2.2289665,92.61606,11.166605,15.000033,-4.0394573,13.581313,18.972206,-106.165436,92.06292,-50.959984,15.6564865,31.347616,19.576878,47.613636,36.476524,-65.81501,21.339144,19.934822,-34.45913,13.690001,-10.791672
254,4.6313395500183105,1.8366003036499023,86.74433135986328,-7.542622251233122,-8.654529843775169,-80.87556099712847,-7.0079875,17.154919,5.5304174,41.9483,15.023414,-11.343513,-39.989098,8.658068,1.8412007,99.15472,9.747132,15.000033,-4.433684,15.133119,18.756859,-118.121124,91.469284,-61.37209,20.594746,30.411263,18.183191,47.867947,38.125183,-62.927635,21.988163,21.605932,-34.45963,13.77737,-11.282545
255,4.760585784912109,2.1185734272003174,86.0821762084961,-8.44036256378386,-8.138138685937614,-80.58697607707599,-6.1417437,17.879444,5.5360746,39.87793,15.019225,-11.761609,-44.53622,9.341981,1.3931166,105.40946,8.409017,15.000033,-4.829399,16.47041,18.708153,-131.00027,90.2465,-72.94006,25.97365,29.04529,16.837938,47.803425,39.460182,-59.87787,22.794739,23.265581,-34.558296,13.839319,-11.76801
256,4.897699356079102,2.425046682357788,85.36233520507812,-9.28306591412297,-7.7297930416506215,-80.36782100547848,-5.200689,18.499853,5.480647,38.10079,13.536893,-11.927199,-49.00285,9.914649,1.0037175,111.243546,7.171628,15.000033,-5.3337936,17.475456,18.808716,-143.51993,88.24937,-84.67427,31.595507,27.21468,15.739979,47.382504,40.182487,-56.748386,24.130919,25.219204,-34.690353,13.788468,-12.242806
257,5.025346755981445,2.736046552658081,84.58026123046875,-10.083736540596593,-7.400344664117956,-80.2354119854759,-4.0974655,18.974865,5.2970986,36.522766,9.907491,-11.700903,-53.484894,10.414502,0.7450163,116.64792,6.1387677,15.000033,-5.8433685,18.52177,18.418829,-151.28122,85.521416,-93.15227,37.655857,25.34691,15.115426,46.75134,40.591125,-53.644638,26.0504,27.98656,-34.8181,13.635899,-12.748617
258,5.160463809967041,3.039679765701294,83.77229309082031,-10.870294284702114,-7.126705076921512,-80.16148517428978,-2.9473186,19.419195,5.0637574,35.201782,4.706712,-11.126874,-58.002625,10.89063,0.55497485,121.70096,5.280389,15.000033,-6.0405097,19.810648,17.76584,-154.71756,82.33366,-97.68706,44.200386,23.773804,14.684199,45.667244,41.38378,-50.53476,27.695694,31.038553,-34.806217,13.444689,-13.329603
259,5.3013105392456055,3.3309531211853027,82.94422912597656,-11.621617701165018,-6.971791653294094,-80.1166530837099,-1.8967216,19.873686,4.8159847,34.282143,-0.9753266,-10.430181,-62.37965,11.313397,0.3705616,126.35628,4.4333525,15.000033,-6.0827556,21.015163,17.24747,-156.8715,78.84457,-100.705696,50.72814,21.84056,14.253918,44.421898,42.425095,-47.364216,28.976742,33.933643,-34.69234,13.1895275,-13.801452
260,5.436038017272949,3.6071903705596924,82.10664367675781,-12.31372634294832,-6.987853531353968,-80.07355264650526,-1.0744473,20.385635,4.631384,33.87398,-6.067603,-9.872012,-66.449776,11.633556,0.17645605,130.55768,3.430832,15.000033,-6.162346,21.930523,16.932484,-158.50494,75.197266,-102.76223,56.698772,19.21372,13.679726,43.44914,43.331116,-44.143726,30.264194,36.737892,-34.329628,12.879397,-13.995083
261,5.542560577392578,3.8834192752838135,81.2591323852539,-12.937914712310187,-7.231339813248377,-80.04657020449517,-0.48509425,20.991283,4.572499,34.05132,-10.516658,-9.54036,-70.22577,11.880243,0.09184527,134.29257,2.2482746,15.000033,-6.399619,22.85538,16.93457,-159.7241,72.45044,-103.93153,61.545082,16.070032,13.099596,42.698227,44.86474,-41.609676,31.103815,38.628994,-33.452473,12.508933,-13.762978
262,5.633021831512451,4.164689064025879,80.3981704711914,-13.493610047715972,-7.649606280363352,-80.0441955861179,-0.08101429,21.645836,4.58239,34.743473,-14.845639,-9.325271,-73.80189,12.08137,0.17024034,137.61633,0.95776117,15.000033,-6.6387277,23.673016,17.169912,-160.73541,70.03989,-104.61758,65.79672,12.484055,12.518849,41.98137,46.55145,-39.219707,31.786247,40.223045,-32.296043,12.088729,-13.266231
263,5.696648597717285,4.436855792999268,79.53718566894531,-13.971979588326597,-8.120316908187549,-80.03173943428436,0.07397022,22.29217,4.5857677,35.85685,-18.877306,-9.1856785,-77.19398,12.145778,0.30250174,140.5413,-0.36901343,15.000033,-6.956884,24.376938,17.546331,-161.57784,68.40643,-104.41748,68.57493,8.77023,11.742415,41.646088,48.68183,-37.428856,32.323273,40.93793,-30.98903,11.747801,-12.535942
264,5.744197368621826,4.702882289886475,78.69554138183594,-14.405844327829705,-8.536285605097152,-79.91828589347786,-0.08348363,22.888023,4.446023,37.304348,-22.420004,-9.060992,-80.33818,11.94517,0.3811688,143.05223,-1.7041569,15.000033,-7.807086,24.860888,17.795332,-161.85803,67.51159,-103.59435,69.54746,4.5564013,10.481583,42.448196,50.750336,-36.303852,32.947838,41.408897,-29.994276,11.238516,-11.267698
265,5.768687725067139,4.965968608856201,77.88800048828125,-14.673331780904125,-8.857791144316627,-79.85386332815654,-0.5680863,23.350084,4.366527,39.122562,-25.429508,-8.9055605,-83.50208,11.556457,0.5612714,145.12561,-2.9302077,15.000033,-8.924587,24.814548,17.759062,-161.72644,66.959274,-101.794,68.77557,-0.7967732,8.004922,44.194633,52.520954,-35.49463,33.93293,42.039974,-29.352043,10.787575,-9.792887
266,5.757473945617676,5.228777885437012,77.14994812011719,-14.847853089871586,-9.134694381786243,-79.65708510921236,-1.4275581,23.702679,4.1519175,41.388054,-28.024168,-8.742012,-86.543976,10.9049835,0.9350915,146.78514,-4.1703844,15.000033,-9.968956,24.190483,17.662027,-161.48146,66.41679,-98.38496,66.44791,-6.5608244,4.6330156,46.67594,54.092747,-34.504257,35.477215,42.76587,-28.757215,10.42797,-8.1064825
267,5.743574619293213,5.492044448852539,76.4904556274414,-14.910357544196291,-9.538249968265246,-79.45005582372508,-2.2546215,23.910555,3.9402573,43.814003,-30.205404,-8.592471,-89.272545,10.209855,1.4612898,148.094,-5.2720475,15.000033,-10.832041,23.213839,18.540285,-162.52722,66.133896,-94.84006,63.039253,-9.929252,1.4648023,48.067368,54.99803,-33.83088,36.958496,42.809235,-27.920893,10.270654,-6.953917
268,5.727555274963379,5.770538330078125,75.89401245117188,-14.884471030527724,-9.856220648969193,-79.31182748919124,-3.186067,23.980913,3.691449,46.18992,-31.930737,-8.482572,-91.91557,9.486185,2.0349839,149.06305,-5.9621425,15.000033,-11.119898,22.46624,19.186775,-162.94466,65.938614,-91.1785,59.796112,-10.7514,-0.935316,49.663685,55.76927,-33.14597,38.324535,42.857548,-27.342295,10.284409,-6.1763883
269,5.733293056488037,6.046612739562988,75.34737396240234,-14.651775372992839,-10.092221501402067,-79.2125898576044,-4.2841434,23.73522,3.362663,48.583706,-33.0313,-8.397899,-94.57159,8.727281,2.830043,149.69505,-6.0536118,15.000033,-8.387615,22.194836,20.758617,-164.04002,65.60139,-82.776245,55.454247,-5.028068,-1.1314397,49.24907,55.416286,-30.173332,39.637886,42.946487,-26.295864,10.771438,-6.989531
270,5.7592692375183105,6.30648136138916,74.87020874023438,-14.299271567583297,-10.36439358241196,-79.05394678641704,-5.403129,23.279964,2.952608,51.018658,-33.57511,-8.344626,-96.93033,7.889993,3.8340364,150.00632,-5.9087224,15.000033,-6.28798,22.39222,21.545763,-163.38826,65.89544,-77.30188,51.347893,0.8184607,-1.0205594,50.298386,54.45121,-26.247938,39.175083,45.09722,-27.825445,10.990249,-7.2928724
271,5.791903018951416,6.543953895568848,74.46294403076172,-13.883519467212654,-10.686811846198896,-78.95921985293383,-6.3214364,22.769648,2.6732934,53.234814,-33.845566,-8.307229,-98.95307,7.148659,4.8226466,150.0429,-5.6771913,15.000033,-4.545219,22.684294,22.38215,-162.92973,66.7729,-73.783356,47.281944,6.5538335,-0.81162333,51.729458,51.895893,-21.474962,38.161617,49.201073,-29.658617,11.232501,-8.0573015
272,5.8113837242126465,6.754801273345947,74.13130187988281,-13.494734650179558,-11.1128483429694,-79.0668183141999,-6.7666526,22.421707,2.7276483,54.95776,-34.13125,-8.29373,-100.63069,6.084637,5.326999,149.83513,-5.408522,14.187002,-2.9827478,23.01369,23.236927,-162.4239,68.00304,-71.17715,43.407158,11.097648,-0.93075985,53.484406,48.305744,-16.677462,36.683144,54.189877,-30.449148,11.516069,-9.459569
273,5.841137409210205,6.951969146728516,73.86181640625,-13.138711632108432,-11.68980748794987,-79.48279893459875,-6.6075654,22.300003,3.223895,56.09538,-34.46186,-8.318937,-101.87837,5.0863953,5.3606057,149.32518,-5.142915,13.085187,-1.3280368,23.463627,24.12972,-161.94896,69.47563,-69.350204,39.88953,14.552464,-1.5478067,56.031124,43.794804,-12.113958,34.64347,59.735832,-29.561245,11.803245,-11.747268
274,5.888386249542236,7.123634338378906,73.63801574707031,-12.803244139314575,-12.353338259686133,-80.14523413274158,-6.0461273,22.329021,4.0345774,56.82486,-34.71754,-8.382354,-102.71501,4.3697114,5.0912466,148.51286,-4.874491,12.187312,-0.15125309,23.703289,24.892998,-161.7572,70.25633,-69.31708,37.561047,17.952387,-2.2363722,59.43956,40.367,-10.1589155,32.977745,62.92841,-27.27316,12.007209,-14.19884
275,5.936644077301025,7.256645679473877,73.45626831054688,-12.568663463670708,-12.94116680278666,-80.89505010942457,-5.405169,22.511599,4.924576,57.292133,-34.938084,-8.471085,-103.20756,3.8183906,4.5503845,147.50688,-4.706555,11.534072,0.99583226,23.589022,25.27025,-161.33218,70.60494,-69.628944,35.414867,21.008503,-2.8115509,62.281384,38.730896,-9.430404,32.032505,63.29892,-24.400616,12.575519,-16.688885
276,5.9948296546936035,7.361443996429443,73.32304382324219,-12.315600711925377,-13.442808655146633,-81.74015214433328,-4.6752353,22.705425,5.973807,57.485237,-35.1265,-8.528171,-103.368034,3.9563458,4.0241165,146.41994,-4.691793,11.572068,1.6922201,23.3477,25.843042,-161.09825,70.86111,-70.02648,33.51051,23.2162,-3.283852,63.860447,36.035313,-8.98268,30.77754,64.43409,-22.050714,12.902117,-19.34612
277,6.021473407745361,7.4355149269104,73.24579620361328,-12.14876933424825,-13.852630418038656,-82.62593256568385,-3.8887484,23.026426,7.1014085,57.452377,-35.36245,-8.570471,-103.10127,4.94418,3.4917626,145.22319,-4.924857,12.517938,1.8653412,22.818663,26.389656,-160.80992,71.039154,-70.332825,31.617678,24.190561,-3.83934,63.518787,32.6488,-8.7523575,29.349775,65.94876,-20.45727,13.122266,-21.786875
278,6.066986560821533,7.474294185638428,73.21267700195312,-12.01630678792894,-14.224030034482697,-83.56209627177046,-2.9480462,23.407246,8.348799,57.138607,-35.599533,-8.590201,-102.409065,6.7128673,3.0431385,143.89418,-5.386761,14.281829,1.7591528,22.104176,26.989012,-160.5673,71.16844,-70.53424,29.704046,24.210367,-4.4867363,61.671482,28.47289,-8.722055,27.523905,67.787796,-19.33647,13.286092,-24.157848
279,6.140070915222168,7.498527526855469,73.23785400390625,-11.86299970210281,-14.54869585131531,-84.43894350698767,-1.9379482,23.691254,9.585515,56.550865,-35.701717,-8.5690365,-101.49281,7.7890263,2.456204,142.53596,-5.871969,15.000033,1.4859066,21.414026,27.684872,-160.3852,71.27555,-70.60598,28.071001,23.74175,-4.955577,59.18064,23.45003,-8.937715,25.010414,69.98883,-19.049622,13.288223,-26.148212
280,6.194859027862549,7.570339202880859,73.3735122680664,-11.693993556182406,-14.64649360268508,-85.22881130264997,-1.1939034,23.844408,10.66641,55.79255,-35.565014,-8.506883,-100.63707,8.06991,1.8564137,141.19437,-6.2028265,15.000033,1.1990567,20.578972,28.00051,-159.89665,71.321236,-70.751335,26.838074,23.551567,-5.1857767,57.20038,18.886103,-9.41165,22.733236,71.40089,-19.259483,13.34822,-27.951517
281,6.232879638671875,7.651214122772217,73.58247375488281,-11.50695611748732,-14.56491428646176,-85.86561928801763,-0.68784887,23.815554,11.550666,54.84898,-35.176067,-8.370838,-99.641205,8.002384,1.479155,139.8993,-6.5017014,15.000033,0.76845473,20.110474,28.329714,-159.74982,71.303825,-71.438065,26.84696,23.441217,-5.0963535,56.148525,13.254916,-10.569392,18.92132,73.410774,-21.474157,13.01894,-28.564077
282,6.266727924346924,7.701192855834961,73.8564453125,-11.304856965673352,-14.114076134243769,-86.40878365615198,-0.64148444,23.664446,12.249988,53.775448,-34.59714,-8.17708,-98.75187,7.637676,1.2297653,138.59167,-6.709339,15.000033,0.29949403,18.965328,28.020123,-159.11299,71.2243,-72.076004,26.549215,23.802738,-4.638587,55.051353,10.0318985,-11.577389,17.031368,72.33098,-22.622166,13.947491,-30.168972
283,6.32402229309082,7.757528305053711,74.20207977294922,-11.139725436225365,-13.641151831444182,-86.91063725057994,-0.54186755,23.47646,12.9028425,52.469532,-33.825893,-7.9813504,-97.640045,7.1192374,1.0140505,137.28691,-6.922246,15.000033,-0.31155214,18.361206,27.930809,-159.1641,70.77193,-73.715355,27.728058,23.487364,-4.1601915,54.577488,7.4403424,-14.289194,13.818261,69.76402,-25.480457,14.260918,-30.184328
284,6.382752418518066,7.810581684112549,74.60826873779297,-10.927325942430357,-13.126294600290665,-87.4596321293385,-0.34808427,23.197756,13.601435,50.885067,-32.826912,-7.8141346,-96.50099,6.506035,0.8341811,135.9985,-7.0613785,15.000033,-0.8170755,17.588568,27.676537,-158.81798,70.29321,-75.0281,28.59711,23.095808,-3.6763475,53.74622,5.0382957,-16.684462,11.703567,66.90734,-27.334902,14.605116,-30.915173
285,6.450370788574219,7.859670162200928,75.07301330566406,-10.65104685493871,-12.612080883396237,-88.0328574105687,0.017305639,22.773357,14.350206,48.954803,-31.628012,-7.6691484,-95.28754,5.755573,0.7276319,134.80386,-7.2216167,15.000033,-1.2668598,16.772633,27.375053,-158.3886,69.77604,-76.44208,29.528917,22.251461,-3.2015462,52.788742,2.5196524,-19.00081,10.002104,63.917023,-28.773666,14.609222,-32.013218
286,6.510079860687256,7.898060321807861,75.59175872802734,-10.346343809070541,-12.05567637443103,-88.60038131769875,0.4607685,22.227383,15.097559,46.722523,-30.231512,-7.54042,-93.97665,4.8283863,0.65781075,133.66873,-7.3942785,15.000033,-1.6914662,15.959385,26.997099,-157.871,69.20368,-77.94338,30.66085,21.057894,-2.6675546,51.787926,-0.035229366,-21.365719,8.534837,60.656986,-30.029211,14.387516,-33.29016
287,6.5803303718566895,7.900543689727783,76.17442321777344,-10.061350601547662,-11.498891247106034,-89.20512594959143,1.0005898,21.664465,15.855514,44.284714,-28.580444,-7.4596863,-92.50974,3.8582678,0.5099961,132.46397,-7.4617558,15.000033,-2.0503035,15.153534,26.580017,-157.1976,68.649956,-79.43542,31.739874,19.662252,-2.1537669,50.68418,-2.832475,-23.647583,7.466413,57.490116,-31.235106,14.16126,-34.64927
288,6.638533592224121,7.876521110534668,76.81163787841797,-9.84638999798457,-10.980510974955907,-89.8979743242798,1.6467812,21.197975,16.640787,41.75122,-26.624014,-7.45539,-90.83123,2.9986336,0.17245251,131.04898,-7.3001056,15.000033,-2.3428843,14.36517,26.155212,-156.32135,68.17295,-80.901184,32.577637,18.193243,-1.7335229,49.44913,-6.0042353,-25.821005,7.0250826,54.660423,-32.512657,14.124266,-35.923172
289,6.69192361831665,7.843931674957275,77.49958801269531,-9.700789162021366,-10.503414154101929,-90.7394376910516,2.4807134,20.811687,17.497284,38.99761,-24.347067,-7.508676,-88.94053,2.246445,-0.4059653,129.45927,-6.9308796,15.000033,-2.5031104,13.607479,25.698408,-155.17572,67.82306,-82.16373,33.074715,16.505629,-1.4855945,48.00019,-9.498999,-27.940268,7.3942533,52.060585,-33.974827,14.228416,-37.187874
290,6.725602626800537,7.781238079071045,78.22763061523438,-9.59770005329299,-10.050628750560666,-91.69146522218797,3.4547439,20.449436,18.394674,36.04119,-21.791494,-7.611431,-86.84807,1.5571404,-1.1618694,127.74763,-6.4130774,15.000033,-2.5202692,12.900857,25.176535,-153.6731,67.65636,-83.11816,33.2606,14.600947,-1.3113792,46.39246,-13.170727,-30.008543,8.382367,49.47816,-35.52673,14.409376,-38.490803
291,6.737834930419922,7.705264568328857,78.99141693115234,-9.547417745906012,-9.62649851545618,-92.66194003808836,4.3788214,20.173302,19.246105,33.21749,-18.989233,-7.7979836,-84.53362,1.0330818,-2.0194507,125.79171,-5.6486354,15.000033,-2.457614,12.293131,24.597338,-151.67056,67.70666,-83.80501,33.199223,12.825729,-1.0465667,44.82571,-16.937975,-32.014885,9.642071,46.93254,-36.956234,14.7923,-39.558502
292,6.700102806091309,7.61353063583374,79.77826690673828,-9.56213562758346,-9.232375438777721,-93.559984482941,5.062014,20.055355,19.96861,30.863676,-15.963614,-8.096866,-81.988525,0.7737325,-2.8861969,123.465294,-4.530271,15.000033,-2.378424,11.827029,23.939144,-148.91588,67.98723,-84.22093,32.96424,11.54946,-0.55705094,43.515385,-20.766613,-33.949463,10.865617,44.544487,-38.060337,15.484391,-40.112698
293,6.626821517944336,7.510837078094482,80.58445739746094,-9.704419154750193,-8.846384016315227,-94.41593998092956,5.49839,20.207516,20.592007,28.987062,-12.615524,-8.587926,-79.20268,0.8855326,-3.8219652,120.70256,-2.8565798,15.000033,-2.2263584,11.630703,23.067589,-144.94867,68.51149,-84.15976,32.50535,10.945984,0.08531846,42.811646,-24.688656,-35.823517,12.09026,42.420074,-38.730915,16.63765,-40.006264
294,6.538984775543213,7.3925323486328125,81.39654541015625,-9.94250302009539,-8.471984328368762,-95.26447253171096,5.7448964,20.562185,21.116892,27.478308,-8.978037,-9.220144,-76.19155,1.3170837,-4.778577,117.57327,-0.74313587,15.000033,-1.9406192,11.73072,21.874012,-139.31917,69.29194,-83.12638,31.711634,10.900071,0.83803636,42.606453,-28.724512,-37.659763,13.547836,40.625053,-39.147484,18.139578,-39.40397
295,6.421853065490723,7.260497093200684,82.21159362792969,-10.137417058676057,-8.142255925726635,-96.01700110081181,5.7351136,20.937376,21.433943,26.440514,-5.250555,-9.8323765,-72.9871,1.9132774,-5.5235457,114.154205,1.4456736,15.000033,-1.6274899,11.986629,20.499416,-132.06406,70.31905,-80.8841,30.57896,11.309461,1.8450867,42.350624,-32.891228,-39.47341,15.238718,39.17246,-39.53059,19.689367,-38.48498
296,6.275670051574707,7.144256591796875,83.01886749267578,-10.164753627352065,-7.8857355713901836,-96.59287649141088,5.416826,21.186708,21.46432,25.96005,-1.6208708,-10.283642,-69.60969,2.4886498,-5.8765826,110.51018,3.3531106,15.000033,-1.4180164,12.209752,19.202671,-123.59953,71.5499,-77.5105,29.131285,12.012223,3.2327192,41.42578,-37.202442,-41.26445,17.094357,37.956146,-40.068264,20.977636,-37.418385
297,6.107242584228516,7.024175643920898,83.81128692626953,-10.048320451704306,-7.686849501359423,-96.9793452461556,4.760581,21.432852,21.365244,26.047283,1.9604732,-10.516665,-66.03604,3.1171293,-5.803914,106.57014,4.9444857,15.000033,-1.3598177,12.392966,18.076666,-113.92804,72.925285,-73.11155,27.216745,13.003214,5.0961914,39.471657,-41.668716,-42.995174,19.036608,36.85791,-40.841698,21.963112,-35.93784
298,5.910679340362549,6.897512912750244,84.59457397460938,-9.811366941570347,-7.532462135573184,-97.18776076903818,3.833175,21.66059,21.122696,26.555927,5.626609,-10.633131,-62.251747,3.8401785,-5.319767,102.34906,6.362964,15.000033,-1.4839011,12.524527,17.146679,-102.939026,74.369286,-67.69821,24.77325,14.332502,7.292677,36.791824,-46.35261,-44.632523,21.127674,35.81219,-41.732594,22.769615,-34.0314
299,5.702493667602539,6.770416259765625,85.34760284423828,-9.415375179391154,-7.451291772389534,-97.23927650745124,2.735918,21.631865,20.455639,27.354937,9.311354,-10.791739,-58.285526,4.3535476,-4.5473876,97.9711,7.584789,15.000033,-1.8114609,12.481369,16.51677,-90.84976,75.771095,-61.254227,22.01079,15.940307,9.589015,33.788807,-51.268818,-46.159206,23.422121,34.783672,-42.59127,23.34646,-32.273453
300,5.487938404083252,6.646049976348877,86.0494155883789,-8.813537644933945,-7.47616891526053,-97.16203592349025,1.5779864,21.076971,19.084208,28.32635,12.932247,-11.177077,-54.177795,4.352311,-3.6713252,93.558014,8.58924,15.000033,-2.32578,12.121319,16.269573,-77.99093,76.98082,-53.867653,19.211128,17.729536,11.776038,30.874454,-56.383545,-47.567215,25.909786,33.734814,-43.249763,23.66782,-31.2543
301,5.269886016845703,6.530503749847412,86.70960998535156,-7.92294737710486,-7.659595716642551,-96.90842691972856,0.3936253,19.62048,16.49095,29.35009,16.77392,-12.02117,-49.84535,3.5850453,-2.7686143,89.11386,9.240271,15.000033,-3.0459971,11.261632,16.435875,-64.4675,77.80743,-45.758038,16.447296,19.841032,13.928026,27.963509,-61.541843,-48.848442,28.46243,32.58672,-43.605255,23.600166,-31.353458
302,5.037431240081787,6.429450988769531,87.30387115478516,-6.774075243032498,-7.991187706673525,-96.48411447183295,-0.79237664,17.354643,12.945562,30.511536,20.746887,-13.37336,-45.315857,2.1946216,-1.8782978,84.60333,9.560895,15.000033,-3.890819,9.910438,16.928156,-50.539986,78.0659,-37.387016,13.690688,22.328527,16.055779,24.850546,-66.66267,-49.997036,30.877483,31.366138,-43.759495,23.223312,-32.215145
303,4.800054550170898,6.3416876792907715,87.81295776367188,-5.503640933274536,-8.408059907329386,-96.00330110236618,-1.9397216,14.783267,9.392481,32.077656,24.174763,-15.000033,-40.776936,0.51280344,-1.1145356,80.05417,9.788006,15.000033,-4.701209,8.241883,17.598625,-37.010918,77.651474,-29.430641,11.208724,24.904997,17.920208,21.822195,-71.75132,-51.044647,33.08063,30.161848,-43.84119,22.842075,-33.327934
304,4.564621448516846,6.249758720397949,88.25601959228516,-4.2450889620053855,-8.826247391048504,-95.57890713962166,-3.1258085,12.806298,7.5382166,34.39575,26.43202,-15.000033,-36.41154,-1.091742,-0.47402957,75.47764,10.1883545,15.000033,-5.3234744,6.487026,18.30939,-24.754494,76.56532,-22.564085,9.313734,27.21352,19.343906,19.221312,-76.86141,-52.037926,35.08715,29.071583,-43.9697,22.754436,-34.171833
305,4.31923770904541,6.172929763793945,88.62346649169922,-2.964648087064435,-9.249070592446166,-95.19992310274426,-4.452686,11.349355,6.898786,37.730648,27.136314,-15.000033,-32.189922,-2.6483288,0.06028059,70.80565,10.869912,15.000033,-5.732616,4.6381083,19.030275,-14.359152,74.86314,-17.314138,8.356694,29.167591,20.30769,17.27954,-81.95787,-53.00961,36.884468,28.053707,-44.27585,23.099741,-34.59625
306,4.058139801025391,6.113343715667725,88.90803527832031,-1.709626477909649,-9.731863301992464,-94.85796248182666,-5.991084,10.3024845,6.870818,42.16276,26.55588,-15.000033,-27.988712,-4.1662784,0.4402887,65.99442,11.709535,15.000033,-5.894545,2.7889247,19.763296,-5.9789495,72.63828,-13.962556,8.380083,30.9504,20.96339,15.826058,-87.03732,-54.00021,38.61535,27.169691,-44.679035,23.694912,-34.871758
307,3.7759006023406982,6.08167028427124,89.1021728515625,-0.5170209402318446,-10.186850887783091,-94.59388359699597,-7.8524547,9.697463,7.1970577,47.401295,25.295212,-15.000033,-23.971838,-5.4855967,0.77439857,61.23474,12.578122,15.000033,-5.80618,1.0842307,20.414436,0.32822716,70.04479,-12.48321,9.328014,32.52043,21.418522,14.616286,-92.28474,-55.04854,40.59448,26.576729,-44.948006,24.354252,-35.106903
308,3.504096746444702,6.059422492980957,89.19134521484375,0.5559265148199629,-10.5229961209448,-94.4518278967914,-10.134664,9.532331,7.645952,53.123425,23.975073,-15.000033,-20.307817,-6.4579606,1.1771581,56.708412,13.361122,15.000033,-5.435846,-0.33453625,20.893244,4.946585,67.22762,-12.457892,10.939305,33.844048,21.772533,13.41174,-97.85295,-56.17929,43.088345,26.396982,-44.836987,24.896168,-35.42777
309,3.2370400428771973,6.04867696762085,89.16112518310547,1.4846114895357587,-10.705582521326798,-94.45365943640437,-12.868838,9.951802,8.318,59.46967,22.654943,-15.000033,-17.001278,-6.937901,1.8299811,52.285347,14.103233,15.000033,-4.79315,-1.4318793,21.235023,8.210254,64.28613,-13.419931,13.264947,34.79311,22.058723,12.134233,-103.867836,-57.38287,46.14265,26.541506,-44.13881,25.299332,-35.816864
310,2.9617249965667725,6.0493597984313965,89.00556182861328,2.3376332948958827,-10.774094535334116,-94.56055919357048,-15.9343405,10.903826,9.170594,66.463806,21.04971,-15.000033,-13.982942,-7.1224127,2.743135,47.94992,14.837231,15.000033,-3.9170983,-2.3362527,21.508898,10.445648,61.270927,-15.025623,16.321905,35.34248,22.262405,10.930773,-110.253716,-58.619522,49.63401,26.860725,-43.00292,25.656986,-36.233845
311,2.7073400020599365,6.065090656280518,88.73267364501953,3.194067217775892,-10.74534818201024,-94.7156770659625,-19.121138,12.715047,10.667089,73.62624,19.291334,-13.278303,-11.310605,-7.362066,3.716555,44.019787,15.44962,15.000033,-2.859169,-3.1640618,21.719862,12.0688715,58.220757,-16.963799,19.752573,35.622536,22.385017,9.879969,-116.818375,-59.83657,53.458305,27.332958,-41.758022,25.959414,-36.769188
312,2.4722392559051514,6.101065635681152,88.34766387939453,3.984274668051814,-10.663023253050254,-94.93542005026437,-22.451294,14.521642,11.633689,80.52876,17.474098,-11.352035,-8.993123,-7.792001,4.301736,40.722176,15.885423,14.637114,-1.6272316,-3.8928225,21.90631,13.45218,55.17428,-18.98284,23.188246,35.77614,22.4132,9.052375,-123.394615,-60.974693,57.5226,27.970625,-40.7289,26.196632,-37.50872
313,2.254255771636963,6.150508880615234,87.87789154052734,4.708141546896004,-10.501141967012261,-95.23206301114008,-26.06194,15.933977,11.8428545,87.19352,15.640104,-9.632001,-7.0739865,-8.429322,4.419421,38.075825,16.459938,14.096776,-0.24008977,-4.5460224,22.062248,14.8236685,52.175934,-20.920631,26.452578,35.91407,22.379633,8.38555,-130.0716,-61.98326,61.873554,28.922333,-40.050945,26.39738,-38.565468
314,2.042924404144287,6.2094035148620605,87.33192443847656,5.369987897913476,-10.247270177228579,-95.59616310316396,-29.977951,17.106321,11.577161,93.828964,13.743689,-7.99655,-5.5217633,-9.125585,4.2766223,35.929844,17.099524,13.521016,1.2591435,-5.152586,22.165731,16.21697,49.24198,-22.688501,29.65893,35.908203,22.277029,7.852838,-136.82213,-62.817627,66.37246,30.121822,-39.55421,26.580633,-39.879898
315,1.8303433656692505,6.294027805328369,86.7135009765625,5.985190588518481,-9.945065508191885,-95.96304057603776,-34.134632,18.02641,10.950428,100.23873,11.874848,-6.522117,-4.2661514,-9.811259,3.9704344,34.284573,17.143099,12.738321,2.7437766,-5.8075175,22.13143,17.707405,46.355377,-24.191874,32.90941,35.56781,22.022629,7.5680103,-143.06836,-63.45821,70.50147,31.252201,-39.157272,26.739712,-41.305515
316,1.6022719144821167,6.405923366546631,86.03828430175781,6.566755795882727,-9.641023893704478,-96.27681545565002,-38.456436,18.781162,10.148603,106.21523,10.11642,-5.175126,-3.2216256,-10.411454,3.621274,33.122684,15.944061,11.586478,4.0431595,-6.618856,21.835972,19.440802,43.476395,-25.274622,36.29598,34.71495,21.530897,7.6398597,-148.01933,-63.939644,73.56097,31.992996,-38.84804,26.863806,-42.70659
317,1.3599861860275269,6.535118103027344,85.31291198730469,7.1355119499783575,-9.295011555139089,-96.5225354697836,-43.07048,19.282377,9.106201,111.74842,8.603141,-4.111022,-2.3968434,-10.899761,3.2984178,32.495808,13.03833,9.786376,5.080379,-7.6326427,21.255133,21.59757,40.563835,-25.702538,39.70116,33.155872,20.627174,8.237282,-151.61458,-64.3247,75.39306,32.440475,-38.657925,26.832788,-43.984257
318,1.1447571516036987,6.700695991516113,84.46292877197266,7.679645544382946,-8.899631312401203,-96.72330431412868,-47.985794,19.462582,7.851917,116.95678,7.2840385,-3.3062828,-1.8113229,-11.27878,3.03567,32.37207,8.861936,7.5723734,5.8675385,-8.766833,20.496284,24.155617,37.600857,-25.465096,42.95258,31.10791,19.372034,9.219262,-154.25937,-64.66004,76.24762,32.7241,-38.608665,26.668425,-45.183563
319,0.9395588040351868,6.881104946136475,83.58240509033203,8.169517870704297,-8.553730399475231,-96.88728866348009,-52.96937,19.407076,6.5134172,121.78664,5.981082,-2.6201365,-1.384142,-11.551132,2.8579578,32.584026,4.1436224,5.513837,6.4141073,-9.887825,19.750345,26.893373,34.579853,-24.747677,45.99538,28.996176,18.04688,10.260646,-156.22931,-64.98524,76.31932,32.64559,-38.634705,26.50179,-46.316475
320,0.7318160533905029,7.071075439453125,82.70435333251953,8.57937386578437,-8.354922424400964,-97.02676694403858,-57.800438,19.21872,5.1918573,126.16785,4.5158005,-1.911089,-1.0324688,-11.788417,2.6784859,32.949833,-0.37987003,4.117739,6.8390546,-10.894491,19.170061,29.801596,31.805443,-23.792994,48.50397,27.12099,16.95304,10.99447,-157.7395,-65.31632,75.887245,32.106407,-38.688576,26.465422,-47.43112
321,0.5500378012657166,7.270658016204834,81.81897735595703,8.880161836789295,-8.358407034372663,-97.12419515444884,-62.537754,18.87274,3.8101354,130.08916,2.8296046,-1.1461278,-0.68249476,-12.08125,2.2786489,33.372913,-4.7698646,3.5781078,7.2037907,-11.71498,18.83013,32.7584,29.21492,-22.694103,50.592438,25.554142,16.252213,11.431018,-158.95367,-65.6902,75.183136,31.074682,-38.699707,26.575647,-48.516895
322,0.3949900269508362,7.488392353057861,80.9220962524414,9.091671170111521,-8.50502030082439,-97.18659245880622,-67.27339,18.327194,2.3821995,133.59273,1.047199,-0.40258145,-0.40934545,-12.421814,1.6886206,33.98874,-9.342417,3.5715754,7.6167517,-12.343296,18.676023,35.74523,26.854715,-21.55823,52.279427,24.06754,15.767117,11.702552,-159.98186,-66.09494,74.40826,29.69146,-38.691265,26.73142,-49.528152
323,0.26451045274734497,7.717536926269531,79.99772644042969,9.270598994782222,-8.721943540914825,-97.27058087718837,-71.85135,17.710573,1.0947458,136.67633,-0.74177486,0.30804673,-0.34502932,-12.760278,1.1509418,34.951267,-13.745148,3.7993155,8.074485,-12.799253,18.676088,38.58554,24.634817,-20.530546,53.698994,22.658531,15.336674,11.786441,-160.83098,-66.526375,73.55372,27.940613,-38.760227,26.885817,-50.441692
324,0.15564602613449097,7.932658672332764,79.07954406738281,9.466975649874666,-8.940333655641117,-97.43102866038579,-76.120766,17.1729,0.099236354,139.32448,-2.45104,0.9745291,-0.5960155,-13.022228,0.9487339,36.379375,-17.616253,3.953016,8.366942,-13.200105,18.85593,41.018482,22.19668,-19.472996,55.15425,21.43356,14.777547,11.731712,-161.43083,-67.060234,72.2821,25.684317,-39.00118,26.975288,-51.185764
325,0.08293458819389343,8.152027130126953,78.19136047363281,9.713834013975728,-9.158353664275948,-97.71227079755674,-80.13714,16.732924,-0.595382,141.50238,-4.0886326,1.5255007,-1.2508847,-13.184309,1.2585869,38.42831,-20.943459,3.967375,8.623464,-13.548278,19.252455,43.05243,19.613949,-18.384083,56.632893,20.34174,14.062303,11.437334,-161.8046,-67.692154,70.61507,22.853601,-39.514027,27.057995,-51.710915
326,0.03682544454932213,8.36346435546875,77.35717010498047,9.969453255918214,-9.419092675290633,-98.08723388449295,-83.98119,16.399643,-1.0882355,143.23785,-5.6817565,2.0379999,-2.214973,-13.269166,1.9025997,40.996147,-23.911005,3.9776688,8.508655,-13.968553,20.00327,44.458103,16.393007,-16.874739,58.444008,19.49932,13.273935,11.114773,-161.83826,-68.60285,68.00632,19.230753,-40.224503,27.046328,-51.90837
327,0.006619859021157026,8.587331771850586,76.59319305419922,10.205678464382157,-9.699593001879975,-98.49786803627018,-87.55114,16.245901,-1.4421635,144.58243,-7.165923,2.6296382,-3.3369422,-13.281849,2.6665964,43.80764,-26.445074,3.976331,8.162783,-14.443457,20.986567,45.326046,12.975965,-15.374044,60.26158,18.731247,12.474699,10.87191,-161.6634,-69.75026,65.062836,15.218378,-40.773357,26.86118,-52.001507
328,-0.023977333679795265,8.797021865844727,75.92060852050781,10.392451049733207,-9.980007612799435,-98.8795023490129,-90.73807,16.35213,-1.6930969,145.59499,-8.481177,3.4436386,-4.4563856,-13.23624,3.3278117,46.57373,-28.453978,3.9597213,7.543882,-15.019831,22.113312,45.62133,9.579111,-14.118597,61.990936,17.925354,11.6805725,10.856146,-161.31589,-71.13282,62.014084,11.107312,-40.92847,26.394339,-52.115246
329,-0.07103414088487625,8.988790512084961,75.33175659179688,10.528074039541469,-10.215309523939007,-99.27439477343984,-93.567024,16.871168,-1.8486378,146.23831,-9.5914345,4.5800333,-5.667305,-13.102334,3.8746798,49.35012,-29.779415,3.9021773,6.766852,-15.698211,23.307074,45.424534,6.4164557,-13.335157,63.546036,16.83499,10.832029,10.887163,-160.83858,-72.728355,59.023445,6.9036007,-40.60953,25.643028,-52.38266
330,-0.14603663980960846,9.15792179107666,74.81622314453125,10.644983881934795,-10.425218813137656,-99.68838017171957,-96.0912,17.738766,-1.8687979,146.49937,-10.547567,5.949933,-7.0004,-12.897643,4.3977013,52.233242,-30.51088,3.8138182,5.996404,-16.449266,24.568604,44.839832,3.633771,-12.951485,64.910255,15.5301285,9.919608,10.852023,-160.25226,-74.48982,56.20772,2.6173515,-39.933933,24.716969,-52.76894
331,-0.2349618375301361,9.314759254455566,74.36917877197266,10.762887075250832,-10.687787550020953,-100.00389294927277,-98.22653,18.718496,-1.6920816,146.47144,-11.421024,7.43413,-8.201533,-12.716813,4.8313985,54.98629,-30.913906,3.7494023,5.1319914,-17.353596,26.003813,43.722595,1.045665,-12.577051,66.18721,14.446068,9.056251,11.159945,-159.42078,-76.675224,53.360073,-1.7361796,-38.890472,23.652697,-53.107758
332,-0.3283390402793884,9.469755172729492,73.98368072509766,10.909403238519866,-11.068399764766172,-100.10110516449335,-99.89408,19.55899,-1.2601271,146.24622,-12.266266,8.8912325,-9.041581,-12.66906,5.1236873,57.3862,-31.260849,3.766164,4.511694,-18.190815,27.429085,42.523483,-0.58531356,-12.479956,67.035255,13.818204,8.306844,11.763616,-158.64914,-78.68561,51.46408,-5.32223,-37.85264,22.574978,-53.3698
333,-0.43638432025909424,9.610248565673828,73.65119171142578,11.088630194314513,-11.639131214750048,-99.91875146791571,-100.96094,20.354084,-0.45551857,145.78084,-13.136387,10.463072,-9.393414,-12.783286,5.257956,59.35267,-31.535334,3.9064937,3.9626396,-18.91807,28.798193,41.200966,-1.2765664,-12.913518,67.57876,13.690401,7.6961985,12.695964,-158.101,-80.13808,50.83775,-7.856772,-36.979496,21.407457,-53.64376
334,-0.5482413172721863,9.737948417663574,73.3681640625,11.277405872040124,-12.20436247798405,-99.50400833886442,-101.65069,21.205557,0.7142744,145.02608,-13.952411,12.184634,-9.584768,-13.001642,5.2749667,61.031044,-31.604536,4.13677,3.3957415,-19.63494,29.793802,39.47465,-1.4649998,-13.70816,68.35295,13.950267,7.2133284,14.063293,-157.38129,-81.7235,51.030117,-10.039604,-35.90664,20.133898,-53.950634
335,-0.6554775238037109,9.837419509887695,73.12474822998047,11.460531426379124,-12.530986222396802,-98.91429023548984,-102.322754,21.83273,2.0359142,144.0814,-14.566798,13.700986,-9.940059,-13.303551,5.205696,62.52285,-31.586748,4.397515,2.8097234,-20.145296,29.793802,37.801327,-1.1446918,-14.568658,69.31851,14.577679,6.8334627,15.630948,-156.6248,-82.64439,52.425884,-11.281351,-34.973568,18.940159,-54.11304
336,-0.7577677965164185,9.928564071655273,72.910400390625,11.626604752700283,-12.81356489922759,-98.27322386863318,-102.85818,21.894451,3.2080674,143.11412,-14.965623,14.597725,-10.221417,-13.665656,5.0260344,63.821182,-31.613089,4.6236577,2.4800494,-20.472721,29.793802,36.265213,-0.32994646,-14.993887,69.74851,15.617896,6.5612154,17.4517,-156.12277,-83.2724,54.47825,-11.914939,-34.412132,17.951984,-53.824448
337,-0.8439918160438538,9.998444557189941,72.72589111328125,11.773919896452357,-13.028696568680747,-97.54286650766464,-103.393776,21.072887,4.1148047,142.05453,-14.95525,14.592384,-10.458614,-14.108694,4.721264,64.94249,-31.68432,4.8175936,2.1759827,-20.665768,29.793802,34.92009,0.8678241,-14.656,69.532814,17.428997,6.521376,19.74148,-155.73785,-83.435646,56.844395,-11.851643,-34.486553,17.231514,-52.836617
338,-0.9319285154342651,10.039456367492676,72.56876373291016,11.895991657403545,-13.22405484187601,-96.71436285885463,-103.83613,19.626297,4.8316455,140.87509,-14.646314,13.949643,-10.580812,-14.613625,4.2980404,65.85201,-31.74117,5.0018077,1.8883924,-20.698143,29.793802,33.614304,2.447025,-13.856242,68.85407,19.89446,6.7643323,22.46903,-155.46936,-83.1627,59.65416,-11.112268,-34.98527,16.67048,-51.342365
339,-1.0291708707809448,10.057049751281738,72.42853546142578,11.9657157772354,-13.397974033727044,-95.92700876179491,-104.154274,18.14311,5.3077674,139.76219,-14.313652,13.134158,-10.594283,-15.075304,3.8077931,66.53297,-31.807465,5.134808,1.7619746,-20.510187,29.793802,32.359818,4.3349743,-12.75627,67.74568,22.440294,7.1238165,25.260267,-155.312,-82.4806,62.781475,-9.725567,-35.346478,16.118715,-49.66527
340,-1.1253411769866943,10.060615539550781,72.31822967529297,11.955348490932453,-13.546847827685296,-95.31030236705469,-104.308685,17.19783,5.5277634,138.9031,-14.195685,12.6168995,-10.509854,-15.393284,3.293654,66.97141,-31.909601,5.175083,1.9035896,-20.062677,29.793802,31.127417,6.4092484,-11.474362,66.26282,24.516937,7.355356,27.776989,-155.23767,-81.42301,66.04722,-7.7289658,-35.010708,15.449952,-48.113197
341,-1.1999614238739014,10.044668197631836,72.2420425415039,11.83474658607734,-13.646166669797624,-94.91048980906673,-104.30832,16.99101,5.4535823,138.36266,-14.343575,12.551521,-10.330148,-15.530345,2.729194,67.12257,-32.098804,5.0780888,2.3772206,-19.269304,29.793802,29.823404,8.629687,-9.949513,64.51722,26.011585,7.317568,30.095491,-155.1608,-80.00069,69.30995,-5.132921,-33.52938,14.612839,-46.631893
342,-1.2701947689056396,10.018779754638672,72.1961441040039,11.628198487417977,-13.700050943461097,-94.65202940608671,-104.17699,17.196693,5.119192,138.03857,-14.616992,12.685573,-10.059618,-15.540793,2.1037452,67.009796,-32.345356,4.875074,3.100029,-18.160236,29.793802,28.427864,10.994991,-8.129999,62.487232,27.222147,7.1273065,32.364758,-155.02365,-78.24053,72.55794,-1.9706877,-31.250662,13.687614,-45.04503
343,-1.3356040716171265,9.976664543151855,72.19091796875,11.38331157250004,-13.74853619644931,-94.47574501509855,-103.90135,17.60934,4.6230817,137.86821,-14.948607,12.873518,-9.708353,-15.470919,1.481018,66.71642,-32.552467,4.639343,3.9430676,-16.89625,29.793802,26.97913,13.418153,-6.116662,60.075745,28.218962,6.8788443,34.393326,-154.84807,-76.21755,75.8166,1.6748314,-28.818113,12.745986,-43.488686
344,-1.4028313159942627,9.925113677978516,72.22464752197266,11.148038156619306,-13.829705995653416,-94.3228652738586,-103.4637,18.023548,4.0643544,137.79112,-15.271824,12.972074,-9.289485,-15.367957,0.9230963,66.32712,-32.623795,4.4445133,4.768133,-15.636747,29.793802,25.481268,15.789877,-4.0052366,57.24127,29.066872,6.679771,36.014126,-154.6656,-74.02293,79.14369,5.7073755,-26.864517,11.842337,-42.134956
345,-1.4682576656341553,9.87054443359375,72.29647827148438,10.928196863999153,-13.958159681979199,-94.21580713573388,-102.83538,18.438389,3.409411,137.84108,-15.612038,12.9525,-8.806362,-15.221943,0.4647385,65.86381,-32.548687,4.299183,5.601528,-14.377848,29.793802,23.935583,18.045174,-1.6671325,53.888298,29.685705,6.4883256,37.13505,-154.44919,-71.72266,82.531654,10.195308,-25.50599,10.953504,-41.093792
346,-1.529931902885437,9.810771942138672,72.41250610351562,10.701688376090754,-14.109314438908477,-94.17188441001717,-102.035645,18.951368,2.6299725,138.02936,-15.990937,12.884809,-8.257793,-15.017461,0.06896187,65.28123,-32.37274,4.1674337,6.46717,-13.070659,29.793802,22.300337,20.192122,0.94338197,50.116417,30.072615,6.2678633,37.902546,-154.12796,-69.36677,85.88842,15.041085,-24.41863,10.027741,-40.22453
347,-1.5882630348205566,9.744329452514648,72.57275390625,10.473325507195316,-14.257482282379641,-94.1220664307957,-101.111755,19.50761,1.833427,138.2702,-16.336971,12.776625,-7.654408,-14.792803,-0.31196094,64.5664,-32.08535,4.0562205,7.226775,-11.807207,29.793802,20.565523,22.263443,3.6022992,46.133442,30.411755,6.144181,38.50157,-153.69221,-67.015236,89.19983,19.916225,-23.567322,9.077814,-39.364788
348,-1.6513036489486694,9.66300106048584,72.77864074707031,10.246787200342647,-14.375837778761051,-93.99730417797036,-100.11464,20.051832,1.1250863,138.47354,-16.575716,12.638523,-7.008144,-14.586982,-0.725228,63.70778,-31.677046,3.972836,7.755642,-10.674974,29.793802,18.761194,24.312443,6.0746818,42.1018,30.888498,6.243361,39.10721,-153.14935,-64.72822,92.488014,24.508419,-22.908554,8.12845,-38.37538
349,-1.715805172920227,9.566889762878418,73.03305053710938,10.012191695873113,-14.461172501131523,-93.78996975912455,-99.06187,20.566113,0.4831604,138.65263,-16.669909,12.475987,-6.3324924,-14.395753,-1.1717014,62.72958,-31.141663,3.9157162,8.050675,-9.684258,29.793802,16.918694,26.358847,8.313847,37.94136,31.600647,6.607232,39.797123,-152.52437,-62.558075,95.807236,28.907404,-22.586744,7.1673107,-37.26231
350,-1.784975290298462,9.460487365722656,73.33271026611328,9.77436895191282,-14.527099556876491,-93.53301090988167,-97.91698,21.081121,-0.12743987,138.84093,-16.666758,12.279543,-5.6163015,-14.205258,-1.6291512,61.629395,-30.486872,3.8822114,8.178802,-8.80925,29.793802,15.080085,28.4118,10.457167,33.553432,32.421852,7.165611,40.459797,-151.82265,-60.546005,99.183105,33.182537,-22.589603,6.1802406,-36.112247
351,-1.8496321439743042,9.340581893920898,73.67658233642578,9.555377840321109,-14.570290419483916,-93.218975974754,-96.65307,21.603704,-0.62214905,138.98184,-16.61389,12.041421,-4.835373,-14.045141,-2.1083736,60.356953,-29.724316,3.8783374,8.1177225,-8.091034,29.793802,13.352945,30.51281,12.571377,29.017456,33.204216,7.8661585,40.972694,-151.01755,-58.72974,102.57732,37.006237,-22.633562,5.2074113,-34.916798
352,-1.9091079235076904,9.213769912719727,74.0629653930664,9.377113030341626,-14.589241777886258,-92.8404225993398,-95.24357,22.1405,-0.9173031,139.02217,-16.558533,11.755328,-3.9624712,-13.93852,-2.6216176,58.85951,-28.864594,3.9090102,7.8464737,-7.5810714,29.793802,11.853597,32.718475,14.73417,24.421272,33.79565,8.646003,41.21382,-150.06038,-57.147644,105.91022,40.062733,-22.447643,4.3021035,-33.663387
353,-1.972653865814209,9.062479019165039,74.4956283569336,9.253692455235072,-14.584121979582147,-92.39065134944516,-93.68892,22.701992,-0.99086785,138.98003,-16.493174,11.386527,-2.9880562,-13.908104,-3.1803145,57.138687,-27.95626,3.9818323,7.290332,-7.3801794,29.793802,10.810851,35.061783,17.078812,19.559044,34.123875,9.536957,41.07876,-148.94542,-55.82867,109.16888,42.272293,-22.005768,3.5028229,-32.36466
354,-2.0359673500061035,8.895721435546875,74.98106384277344,9.171012819155951,-14.564466907503123,-91.87701577359321,-91.98713,23.266056,-0.8842813,138.87106,-16.398418,10.946624,-1.9120572,-13.934249,-3.7762334,55.214977,-26.981567,4.0898347,6.41472,-7.5427184,29.793802,10.344712,37.53507,19.751766,14.339188,34.263714,10.54786,40.6555,-147.60004,-54.79477,112.120964,43.83112,-21.547268,2.7902846,-31.028984
355,-2.0998177528381348,8.708085060119629,75.51943969726562,9.111170134583181,-14.544123256283147,-91.31605300167695,-90.1059,23.805021,-0.6145665,138.64705,-16.308342,10.501732,-0.7218975,-13.979216,-4.3922577,53.070885,-25.851004,4.2174006,5.290626,-8.023863,29.793802,10.397865,40.125084,22.83406,9.024955,34.2933,11.5784855,40.103523,-145.89752,-54.06595,114.433556,44.85025,-21.170341,2.1506197,-29.652298
356,-2.164433240890503,8.504481315612793,76.104248046875,9.053993422941405,-14.534294501114983,-90.72416965255941,-88.02083,24.291546,-0.20421652,138.25816,-16.25473,10.120789,0.5938844,-13.999291,-5.0126395,50.68069,-24.475636,4.3519425,4.0836654,-8.668517,29.793802,10.70229,42.8259,26.206121,4.0066066,34.30147,12.520292,39.583366,-143.82607,-53.65795,116.07504,45.422535,-20.863321,1.5766202,-28.252256
357,-2.2235865592956543,8.292892456054688,76.73725891113281,8.988757038086389,-14.547983706031626,-90.0928469929662,-85.710785,24.756384,0.35452366,137.73962,-16.303907,9.861319,2.1110804,-13.9552,-5.668253,47.932888,-22.887796,4.485724,2.871332,-9.386794,29.793802,11.152953,45.67196,29.785732,-0.66879874,34.309544,13.338869,39.10985,-141.4626,-53.573273,117.26526,45.43486,-20.506882,1.0667392,-26.89678
358,-2.277604579925537,8.069707870483398,77.41676330566406,8.915801521619782,-14.509908196253791,-89.41314821226037,-83.28927,25.199146,1.0538559,137.09714,-16.389977,9.686666,3.7130268,-13.853131,-6.350447,44.892666,-21.118582,4.625672,1.6665552,-10.133556,29.537725,11.70206,48.712875,33.33267,-4.9157405,34.318336,14.087763,38.6211,-138.6583,-53.791027,118.16703,44.90511,-20.051584,0.6631239,-25.594063
359,-2.319192409515381,7.827898025512695,78.1369857788086,8.828884201811531,-14.117612217712923,-88.68350809067182,-81.1709,25.589306,1.8510269,136.219,-16.283922,9.558898,4.8680944,-13.728723,-6.9595633,41.882484,-19.092297,4.7832046,0.51217496,-10.743743,28.05247,12.048361,52.054405,35.980705,-8.0458145,34.49879,14.783161,38.16572,-134.67007,-54.207573,118.73424,44.038,-19.555935,0.44378987,-24.318197
360,-2.3492271900177,7.567784786224365,78.89239501953125,8.75982169029276,-13.677678774166303,-87.95492135765734,-78.9537,25.790956,2.725189,135.0514,-15.991625,9.340168,5.8578835,-13.6406765,-7.4801435,39.01445,-16.709675,4.9921722,-0.4228104,-11.179589,26.46985,11.817711,55.6926,37.929497,-10.248262,34.65361,15.4697695,37.791412,-130.364,-54.85919,119.07914,43.249367,-19.080742,0.37568128,-22.88923
361,-2.369964838027954,7.303451061248779,79.68621826171875,8.723419558351583,-13.161042648218462,-87.20813770497237,-76.62998,25.762184,3.6970236,133.59372,-15.542479,9.025674,6.6893735,-13.593031,-7.923116,36.22176,-13.907634,5.258193,-1.1817571,-11.452629,24.81406,10.483954,59.655827,38.856216,-11.29614,34.970676,16.145622,37.476383,-125.852646,-55.773506,119.18917,42.36703,-18.570074,0.49809584,-21.191946
362,-2.365852117538452,7.046463966369629,80.50473022460938,8.705311743978221,-12.586297544060551,-86.43607532924649,-74.19341,25.541313,4.7600794,131.8838,-14.988802,8.660766,7.4037967,-13.532178,-8.321376,33.45524,-10.759691,5.56525,-1.7186291,-11.570586,23.061197,8.185809,63.96515,38.720062,-11.487722,35.30392,16.808912,37.21589,-121.06216,-56.983784,119.080025,41.28244,-17.979877,0.7987919,-19.32447
363,-2.3354995250701904,6.791365146636963,81.34416198730469,8.67066165717589,-12.004522886906143,-85.67988997663379,-71.686966,25.174616,5.8224454,129.89516,-14.249191,8.231792,7.906613,-13.430298,-8.648283,30.953083,-7.3640423,5.8952613,-2.0261624,-11.544329,21.301758,4.5189576,68.56976,37.1556,-10.718324,35.62089,17.440407,36.99555,-116.01677,-58.517143,118.74003,40.112038,-17.398924,1.2257128,-17.513742
364,-2.2769715785980225,6.544130325317383,82.19602966308594,8.582258800736668,-11.462790189485707,-84.98181088935503,-69.14912,24.712591,6.798965,127.59619,-13.241492,7.7203364,8.113035,-13.29727,-8.867989,28.943922,-3.808993,6.2321415,-2.1099157,-11.41213,19.629461,-0.9161323,73.35182,33.743763,-9.00715,35.82456,18.032837,36.815006,-110.71577,-60.39389,118.12861,38.965866,-16.91166,1.7143048,-15.98606
365,-2.1856558322906494,6.310519695281982,83.053466796875,8.452191353102085,-10.928575902790811,-84.33317809019331,-66.60079,24.07875,7.6870565,124.951805,-11.914572,7.098944,7.956304,-13.252841,-9.123511,27.461807,0.14953318,6.551896,-2.0759706,-11.291624,18.061104,-8.391159,78.128044,28.210413,-6.5602856,35.886402,18.660046,36.639767,-105.142876,-62.625168,117.11087,37.660614,-16.497828,2.2525275,-14.725899
366,-2.064009428024292,6.086555004119873,83.91295623779297,8.293053864064017,-10.380010573515284,-83.71806985373381,-64.020294,23.269537,8.512471,121.98523,-10.339909,6.3793736,7.4658217,-13.279231,-9.370258,26.426092,4.4676933,6.8607917,-2.087538,-11.264938,16.627384,-17.712013,82.6217,20.740541,-3.8628721,35.735306,19.329966,36.49874,-99.303024,-65.183975,115.49565,35.921215,-16.183483,2.8722794,-13.646386
367,-1.9188376665115356,5.863314628601074,84.76730346679688,8.067378841773632,-9.874662996497408,-83.16790610133444,-61.37521,22.448832,9.255563,118.75763,-8.613296,5.600552,6.7354584,-13.2066965,-9.275954,25.824753,8.6656885,7.2274494,-2.201223,-11.239517,15.450034,-28.055996,86.41854,12.13732,-1.5231042,35.33632,19.919,36.467155,-93.17417,-67.98119,113.1441,33.838696,-16.184408,3.5523105,-12.815527
368,-1.747328281402588,5.65061092376709,85.59247589111328,7.73626634317864,-9.474345071322185,-82.71329896954185,-58.62843,21.777567,9.90894,115.32981,-6.8213406,4.799435,5.913884,-12.845466,-8.506696,25.556793,12.301601,7.762546,-2.2690368,-10.974986,14.597374,-38.533485,89.08602,3.334602,0.15899329,34.846764,20.272917,36.598183,-86.56469,-70.900505,109.96061,31.766678,-16.689157,4.2591763,-12.270551
369,-1.5470260381698608,5.46567440032959,86.37145233154297,7.279045057337343,-9.193364446840485,-82.36010385100441,-55.760666,21.25666,10.4594755,111.67478,-4.8845286,3.9597666,5.0995746,-12.0369835,-6.699,25.375978,15.408083,8.703367,-2.1063957,-10.348043,14.046193,-48.909214,90.507454,-5.3044267,1.4772198,34.357914,20.336634,36.919773,-79.014755,-73.86669,105.68463,29.92904,-17.887796,5.010645,-12.116935
370,-1.3165465593338013,5.300553798675537,87.11593627929688,6.712887700377116,-9.004879294355442,-82.08848254920274,-52.78177,20.798054,10.925533,107.78253,-2.7960334,3.061148,4.302862,-10.870911,-4.082932,25.282974,18.184492,10.055882,-1.6913722,-9.444637,13.753785,-59.3722,91.00516,-13.904013,2.873537,33.799732,20.181057,37.3777,-70.10922,-76.84768,99.9696,28.170773,-19.59572,5.8197536,-12.280671
371,-1.0593090057373047,5.153500556945801,87.82875061035156,6.062787016011359,-8.91764711291772,-81.88798551795355,-49.692295,20.419434,11.333624,103.70979,-0.7356579,2.1114533,3.5213876,-9.523058,-1.2650204,25.57982,20.44321,11.535901,-1.1144547,-8.338287,13.72397,-70.01032,90.946014,-22.596735,4.5967665,33.031395,19.84336,37.91917,-59.788647,-79.80661,92.732475,26.26649,-21.303595,6.643897,-12.5576725
372,-0.7733204364776611,5.039053440093994,88.47125244140625,5.344792172818508,-8.936320872765611,-81.74958269894663,-46.496906,20.155207,11.730567,99.50927,1.1215919,1.1433691,2.663244,-8.181932,1.0946175,26.64541,22.038097,12.759844,-0.50342005,-7.0427403,13.9343,-80.67281,90.53931,-31.311617,6.752173,32.019363,19.351784,38.48603,-48.086136,-82.650925,83.98476,24.094255,-22.51789,7.405921,-12.720668
373,-0.4698115289211273,4.953549385070801,89.0492935180664,4.524480783748783,-9.11441445426443,-81.6730484675777,-43.09851,20.142729,12.197663,95.14341,2.7160451,0.20886056,1.7089009,-6.779629,2.9505227,28.71661,22.799103,13.538915,-0.018801179,-5.4976473,14.379048,-91.023315,89.876465,-39.749016,9.450253,30.642143,18.621216,39.160282,-35.000378,-85.14876,73.722595,21.735275,-22.998186,8.08131,-12.710445
374,-0.15599361062049866,4.89713191986084,89.5647201538086,3.5831380555730465,-9.438952556840103,-81.65159212653381,-39.53395,20.309042,12.677784,90.59813,4.1581297,-0.7525031,0.6285818,-5.2368402,4.5413218,31.725773,22.80102,14.020589,0.2544013,-3.6709187,14.965681,-100.728165,89.050186,-47.656414,12.6762905,28.87234,17.649538,39.924335,-20.79128,-86.93035,62.27048,19.486458,-22.962326,8.667917,-12.60455
375,0.1479223221540451,4.863753318786621,90.00605010986328,2.578327131370361,-9.811814893939914,-81.67579883931332,-35.996883,20.420944,13.052207,85.94876,5.520998,-1.7993197,-0.7242923,-3.769804,5.6243963,35.569794,22.339388,14.253098,0.2571164,-1.7887082,15.6138525,-109.38656,88.092255,-54.722282,16.228521,27.237745,16.595327,40.568954,-6.3814964,-87.701775,50.51423,17.524546,-22.730541,9.112115,-12.404057
376,0.44108709692955017,4.850349426269531,90.36988830566406,1.568917818867755,-10.131316207161046,-81.7444942235324,-32.67269,20.28432,13.186099,81.2669,6.8636427,-2.953784,-2.4874291,-2.6140065,5.9748936,40.085262,21.749273,14.281043,0.19126552,0.14624713,16.199379,-117.25529,87.097626,-61.278454,19.904552,25.738043,15.645234,40.916065,7.3040543,-87.5193,39.45888,16.009003,-22.592146,9.383981,-12.120856
377,0.7248474359512329,4.850449562072754,90.64185333251953,0.5453462841945435,-10.412476058196766,-81.87928392991785,-29.549528,19.879328,12.979809,76.46384,8.197172,-4.169608,-4.730039,-2.0255802,5.219768,45.48505,21.03562,13.8958645,0.06311536,2.1003547,16.77587,-124.65969,86.07017,-67.61404,23.720507,24.46355,14.920418,40.94584,19.370968,-86.61202,29.977146,14.957299,-22.536812,9.4362955,-11.768284
378,1.0220067501068115,4.884557247161865,90.81016540527344,-0.5037368127587548,-10.698095416765861,-82.0789501843262,-26.513256,19.374388,12.523915,71.53365,9.462637,-5.3854465,-7.3749723,-2.057548,3.6082373,51.79595,20.041285,12.954572,-0.18030494,4.0516024,17.362602,-131.75792,84.97595,-73.90559,27.738333,23.269196,14.324171,40.767204,29.17107,-85.18343,22.697403,14.402349,-22.474516,9.312751,-11.35436
379,1.3296891450881958,4.921944618225098,90.87799072265625,-1.51494585359509,-10.928169835404791,-82.31545541338376,-23.599163,18.850597,11.971368,66.65879,10.618711,-6.598078,-10.32122,-2.523129,1.8674103,58.527294,18.885458,11.699968,-0.54024744,5.880023,17.83721,-138.42274,83.75794,-80.17556,31.90805,22.03015,13.731563,40.43526,36.450794,-83.38805,17.898418,14.314094,-22.531843,9.114941,-10.893479
380,1.6406086683273315,4.975092887878418,90.83386993408203,-2.4299099679319194,-11.03584568335203,-82.56656948803867,-20.87539,18.357323,11.4710045,62.014107,11.647228,-7.8463144,-13.504246,-2.993349,0.6856139,65.17924,17.728918,10.54166,-0.9595679,7.5304804,18.01733,-144.08208,82.363304,-86.054596,36.164143,20.665974,13.027757,40.03672,41.401886,-81.35057,15.4605255,14.690134,-22.837511,8.941341,-10.397682
381,1.9475957155227661,5.026458263397217,90.68357849121094,-3.2422484786982664,-10.984758844337845,-82.83004272016044,-18.349718,17.849745,11.058861,57.482624,12.58358,-9.293162,-16.991213,-3.218528,0.16360778,71.80773,16.56736,9.648229,-1.3225006,9.07766,17.786556,-148.1838,80.76779,-91.06926,40.60172,19.206388,12.116936,39.577076,44.521378,-79.19886,14.949726,15.695279,-23.461739,8.784348,-9.80593
382,2.259783983230591,5.080759525299072,90.43683624267578,-3.9833567682301227,-10.81362203582424,-83.12687256479063,-15.9953985,17.323172,10.659851,52.99528,13.439715,-10.873695,-20.784449,-3.3256638,-0.05208321,78.61967,15.341474,8.877641,-1.6170567,10.576941,17.223167,-151.0407,78.960625,-95.3948,45.331295,17.66053,11.08824,39.03118,46.387257,-76.98722,15.728632,17.343586,-24.28939,8.606655,-9.152615
383,2.5681746006011963,5.131477355957031,90.09687042236328,-4.676606484677149,-10.564833061701545,-83.47248658754417,-13.851284,16.86212,10.264221,48.80227,14.178962,-12.324775,-24.773146,-3.27733,-0.02442337,85.344955,14.177047,8.284184,-1.8906618,11.9513035,16.49801,-153.12216,76.935455,-99.22797,50.254658,16.102192,10.090197,38.40218,47.38184,-74.73496,17.301142,19.34174,-25.05087,8.463106,-8.587621
384,2.8756463527679443,5.1841607093811035,89.67253875732422,-5.339601931587118,-10.279303570118728,-83.87911784386255,-11.964737,16.538778,9.873186,45.175297,14.7656555,-13.392748,-28.857708,-3.078167,0.1800635,91.70516,13.207684,7.8912826,-2.1700463,13.210347,15.67709,-154.79683,74.67455,-103.04298,55.28008,14.276684,9.262235,37.77779,47.939266,-72.39904,19.193924,21.4399,-25.571302,8.412927,-8.246464
385,3.180096387863159,5.248434066772461,89.17097473144531,-5.971531052021663,-9.933193826561531,-84.3551479420083,-10.413077,16.340609,9.452508,42.169437,15.416248,-14.093751,-33.064816,-2.7493513,0.50736314,97.701935,12.445967,7.704208,-2.5003603,14.279161,14.882279,-156.05655,72.19916,-106.77497,60.49497,12.664234,8.643715,36.90556,48.202,-69.973785,21.163136,23.439878,-25.792892,8.500229,-8.210267
386,3.474135637283325,5.308250427246094,88.5983657836914,-6.574319410183227,-9.518250253987832,-84.89630052150396,-9.1605835,16.229488,9.02357,39.649197,16.080807,-14.564184,-37.422657,-2.2233417,0.9289062,103.47984,11.830415,7.7324224,-2.772196,15.27339,14.098065,-156.96101,69.516846,-110.55857,65.93984,10.962014,8.126096,35.78227,48.49085,-67.4524,22.91251,25.362377,-25.826725,8.688381,-8.3970785
387,3.7664387226104736,5.383456707000732,87.95248413085938,-7.172576941724119,-9.10344333522593,-85.49217314141251,-8.082156,16.239183,8.685114,37.610878,16.325102,-14.726834,-41.85088,-1.4226555,1.3918487,108.96093,11.391635,7.9601836,-2.8928738,16.21235,13.399007,-157.51208,66.719604,-113.57896,71.19848,9.19426,7.6769094,34.639534,48.98548,-64.815544,24.318745,27.165823,-25.715155,8.903818,-8.701327
388,4.037917613983154,5.474086284637451,87.23347473144531,-7.788288556858661,-8.757011447886425,-86.13033713441962,-7.0485964,16.41062,8.536244,36.048813,15.717736,-14.50179,-46.28313,-0.3040166,1.8213665,114.04502,11.170402,8.345817,-2.8851924,17.04566,12.830918,-157.94586,63.977608,-115.339584,75.74921,7.4015245,7.2863207,33.791355,49.67109,-62.04814,25.461658,28.860819,-25.58242,9.070269,-8.996091
389,4.295166492462158,5.566614151000977,86.45120239257812,-8.446879024667322,-8.446261338141671,-86.8331552060766,-6.0841117,16.766903,8.584811,35.043877,14.18255,-13.72348,-50.820557,1.0762843,2.105946,118.714226,11.29032,8.790058,-2.7937577,17.802412,12.329595,-158.45334,61.39663,-116.23717,79.576904,5.3024735,7.0591455,33.34424,50.504677,-59.147728,26.3655,30.479584,-25.401953,9.181853,-9.306368
390,4.523343086242676,5.645630836486816,85.6105728149414,-9.157082916275042,-8.155638484249696,-87.59536446888877,-5.2444806,17.293028,8.739661,34.582607,11.927924,-12.522416,-55.48049,2.5345097,2.1118686,123.01537,11.7097025,9.152145,-2.85285,18.64758,11.885552,-159.03377,59.47985,-116.67443,82.550835,3.0230987,6.970208,33.299667,51.828518,-56.70026,26.844213,31.590893,-25.024242,9.2871475,-9.609319
391,4.712240695953369,5.723241806030273,84.71992492675781,-9.904844751507499,-7.981937174561118,-88.36050013517995,-4.4233093,17.958557,8.964003,34.483612,8.96696,-11.253311,-60.073093,3.9117088,1.788038,126.93653,12.217101,9.357471,-2.993961,19.44537,11.579493,-159.7284,57.85482,-116.641685,84.669,0.5726313,6.729607,33.662228,53.2578,-54.388367,27.283325,32.53646,-24.732405,9.37212,-9.829496
392,4.868196487426758,5.803339004516602,83.78531646728516,-10.666055556325714,-8.01557864474672,-89.06937427685865,-3.508884,18.736107,9.254018,34.54573,5.31572,-10.243716,-64.41097,5.1233983,1.1476998,130.45607,12.600795,9.414153,-3.3864918,20.142641,11.490965,-160.55487,56.616383,-116.04095,85.65197,-1.7862818,6.079546,34.502472,54.78576,-52.47701,27.889057,33.234566,-24.638605,9.434397,-9.82278
393,4.987032890319824,5.868669509887695,82.82011413574219,-11.490392998864396,-8.319324967421636,-89.62798836320523,-2.4036336,19.675724,9.566926,34.710453,0.53446865,-9.548834,-68.372116,6.5035133,0.2547113,133.54633,12.704407,9.733845,-4.7184057,20.819479,11.485277,-161.03223,56.144413,-115.16331,85.21256,-5.0591936,4.715626,36.35634,56.86234,-51.706455,28.46636,33.28928,-24.965528,9.367227,-9.081729
394,5.062962055206299,5.929047107696533,81.8599853515625,-12.299861512598772,-8.785780299386687,-90.2409634585743,-1.1744206,20.751976,10.085581,35.026665,-5.220232,-9.007594,-72.2981,7.6933446,-0.9642466,136.24956,12.817668,9.810651,-6.112905,21.280067,11.454635,-161.26224,55.862312,-113.650024,83.85382,-8.69594,2.6919818,38.687172,58.999535,-51.233166,29.230398,33.387096,-25.679995,9.322042,-8.316598
395,5.118379592895508,5.996389865875244,80.90709686279297,-13.049081331436126,-9.383327855203397,-90.74765153768183,0.01308736,21.825172,10.643716,35.572124,-11.059213,-8.561673,-76.02511,8.270758,-2.4136906,138.63573,12.90246,9.485198,-7.4334226,21.531904,11.450491,-161.17386,55.58738,-111.49457,81.94678,-11.378039,0.49925485,41.391014,61.28908,-50.75149,30.20598,33.41097,-26.3929,9.257172,-7.455414
396,5.157564163208008,6.084614276885986,79.95740509033203,-13.637783973560667,-10.0599770926006,-91.14257981824319,1.0362211,22.746946,11.211302,36.384907,-16.10957,-8.159311,-79.507614,8.009305,-3.870407,140.7725,13.03699,8.616119,-8.374844,21.62612,11.613556,-161.13037,55.260067,-108.88546,79.831635,-11.847362,-1.2397933,44.087124,63.60398,-50.115875,31.33412,33.34614,-26.79061,9.156458,-6.6652994
397,5.183073043823242,6.201596260070801,79.02460479736328,-14.057330805193676,-10.905966217167814,-91.44593063685602,2.023449,23.55594,11.901267,37.457733,-20.339497,-7.799624,-82.71458,7.297892,-5.169418,142.64531,13.119967,7.530446,-8.941491,21.499502,12.166893,-161.2581,54.94518,-106.073555,77.26362,-9.380613,-1.9848975,46.52304,65.81523,-49.38017,32.549095,33.175465,-26.86575,8.95427,-5.9949665
398,5.191439151763916,6.3562774658203125,78.11405944824219,-14.31066175815686,-11.969306240352466,-91.72144428824615,3.081745,24.272963,12.778661,38.77189,-24.1835,-7.4914994,-85.70878,6.2855306,-6.287731,144.22694,13.255129,6.249086,-9.318157,20.950726,13.997703,-163.08951,54.79342,-103.80445,73.87578,-4.3841143,-1.9185,47.76246,67.47403,-48.950626,33.67273,32.298817,-26.590656,8.697408,-5.64336
399,5.216541290283203,6.505516052246094,77.2734375,-14.478883735422993,-13.032848002802698,-91.76652190186667,3.8602617,24.82921,13.398864,40.37104,-27.47823,-7.2141566,-88.31197,5.3106036,-7.069859,145.56717,13.193423,5.340431,-9.794841,20.475079,15.277483,-163.70973,54.66725,-101.461235,70.8104,0.596487,-1.6413392,50.02859,69.35375,-48.496822,34.91203,31.682247,-26.476883,8.407281,-4.984812
400,5.288589000701904,6.661264419555664,76.55636596679688,-14.49257921337918,-13.917509998089582,-91.69677672180592,4.1209564,25.092136,13.651534,42.27495,-30.042824,-6.9314017,-90.72448,3.9386237,-7.4489474,146.6588,13.397091,4.2982764,-9.939125,20.051039,16.91019,-165.2957,54.560326,-99.67827,68.441345,4.9142995,-1.7698324,52.137543,70.77479,-48.000023,36.04607,30.820807,-26.188517,8.173988,-4.4288917
401,5.386191368103027,6.8264923095703125,75.93122100830078,-14.34677023543119,-14.553047706502372,-91.35754368673602,3.5738976,24.98346,13.2504225,44.725758,-31.673197,-6.635735,-92.89663,2.3382344,-7.167484,147.52519,13.657571,3.4926047,-9.795784,19.727728,17.396868,-164.50916,54.487225,-98.29519,66.904076,8.545855,-2.1875875,56.566257,72.676155,-47.461098,37.07312,29.83671,-26.033607,8.158683,-3.4885073
402,5.5044708251953125,7.024381160736084,75.3787612915039,-13.986051235391418,-15.099804533810332,-90.80537283832179,2.5290997,24.511204,12.4569845,47.59459,-32.510468,-6.3069525,-94.90126,-0.20621084,-6.3006806,148.1554,14.235312,2.0407941,-9.533002,19.46315,18.360315,-164.71075,54.417328,-98.00179,66.22929,11.748284,-3.1540034,61.27976,74.21953,-46.859913,37.89827,28.570103,-25.782637,8.182952,-2.5817244
403,5.629356861114502,7.228666305541992,74.90083312988281,-13.616845143439471,-15.533865981837119,-90.24614670176146,1.2892445,24.017744,11.595215,50.5158,-32.95677,-5.971381,-96.74443,-1.7972361,-5.210014,148.51538,14.611238,1.5484957,-9.392113,19.318724,19.094658,-164.5071,54.344643,-98.44089,66.07482,14.105163,-4.077265,65.89953,75.50619,-46.173965,38.52223,27.549181,-25.777357,8.270038,-1.6760069
404,5.731810092926025,7.415585041046143,74.50006866455078,-13.35167447009852,-16.044780813785856,-89.8136132792788,0.43835098,23.700155,10.995229,53.004562,-33.368534,-5.6651144,-98.245255,-3.3891976,-4.406431,148.60802,15.172926,0.7658879,-9.474854,19.160936,20.321962,-165.15643,54.214485,-99.15681,65.83068,15.371876,-4.576923,68.1771,75.90978,-45.173542,39.12953,26.922136,-25.917118,8.387966,-1.0846223
405,5.821497917175293,7.586714744567871,74.16180419921875,-13.244393528837723,-16.587936216520884,-89.59646215906082,-0.03848629,23.658983,10.746644,55.00277,-33.723057,-5.408695,-99.437706,-4.5036626,-4.025419,148.32396,16.069523,0.1070988,-9.519538,19.044157,21.618288,-165.83388,53.98652,-99.572586,65.37152,15.249317,-4.3657393,67.64097,75.3087,-43.628216,39.882942,27.210896,-26.284874,8.586968,-0.68403137
406,5.919787883758545,7.725859642028809,73.87353515625,-13.230519874003368,-17.177727214756377,-89.50632737971895,-0.26449117,23.76605,10.706713,56.69225,-33.85384,-5.2035527,-100.26286,-5.5380487,-3.9057546,147.70955,17.240664,-0.6704821,-9.622784,18.988989,22.842981,-166.0726,53.77285,-99.41049,64.74056,14.292445,-3.5691905,65.17449,73.71254,-42.148773,40.806854,28.385256,-26.558453,8.666367,-0.33863416
407,6.023542404174805,7.831857204437256,73.62069702148438,-13.204086580617844,-17.67494612942014,-89.64695220106192,-0.38136685,23.931734,10.897278,58.095516,-33.9144,-5.0556746,-101.01051,-6.3105493,-3.9844859,146.8984,18.427414,-1.4146489,-8.917301,18.99151,24.017242,-166.41656,53.44612,-98.25191,63.844112,13.307296,-2.6802902,61.86068,70.76694,-39.651165,42.332767,30.722525,-26.652546,9.085999,-0.6177311
408,6.122142314910889,7.895997047424316,73.40319061279297,-13.224228000038242,-18.05901330754082,-89.88192766437778,-0.4500516,24.161087,11.107385,59.23759,-34.07047,-4.9781795,-101.53881,-6.174145,-4.1905947,146.0872,18.90136,-1.3057649,-7.9365907,19.119839,25.001482,-166.28777,53.16171,-96.174774,62.834362,13.17928,-1.9419909,59.168922,65.77937,-35.53856,44.37149,35.84858,-26.160965,8.856075,-1.5239872
409,6.2201313972473145,7.930614948272705,73.20915222167969,-13.375820592405312,-18.261292974950162,-90.29711599110551,-0.5877294,24.596123,11.277207,60.226658,-34.393047,-5.0243754,-102.0092,-5.524442,-4.6811266,145.22491,18.806906,-0.7911831,-7.491485,19.396854,25.682495,-165.96452,53.12158,-95.71638,62.48223,12.154102,-1.9665874,58.05126,64.457275,-34.441566,44.509438,35.892944,-26.61273,9.267352,-2.6143253
410,6.3142619132995605,7.926201820373535,73.05978393554688,-13.628660587334476,-18.498822161625554,-90.7570172851211,-0.46401235,25.109604,11.428118,60.872787,-34.736504,-5.1532097,-101.99461,-2.6255739,-5.14977,144.34183,17.595875,1.9078687,-6.264987,20.086933,26.627367,-165.70738,53.22533,-93.241356,61.591377,11.764223,-2.133298,56.53467,59.813663,-31.25064,45.26993,40.01335,-26.468979,9.317444,-4.674093
411,6.392370700836182,7.931726455688477,72.91162872314453,-13.794885377776225,-18.45558187646131,-91.51359673601209,-0.51566637,25.673115,11.824475,61.362103,-35.16224,-5.2838936,-102.381035,-1.2160327,-5.78457,143.32227,16.841303,2.9413342,-5.710197,20.320414,26.84806,-164.92035,53.257343,-92.91257,61.299606,10.643248,-2.4359102,55.955914,58.15362,-30.874317,45.263596,40.044674,-26.95409,9.79279,-6.5126386
412,6.491209030151367,7.893326282501221,72.83148956298828,-14.06839481085315,-18.607949422147144,-91.64951574006781,-0.25996935,25.976551,11.907585,61.44218,-35.59047,-5.265629,-101.71985,4.1875014,-5.3419333,142.62607,13.854736,8.525196,-4.7017727,21.212536,27.919651,-164.7804,53.792404,-90.72275,60.319515,10.504019,-2.639725,54.54609,53.415546,-27.3597,44.683735,44.356815,-27.150639,9.887359,-8.74493
413,6.580169677734375,7.880802631378174,72.74347686767578,-14.051419853554542,-18.354632026844314,-92.23396466046054,-0.25529432,26.213793,12.558636,61.31007,-36.200733,-5.1418033,-101.847496,5.681948,-5.2694187,141.80107,12.255033,9.950693,-4.117319,21.11348,27.743738,-163.58856,53.827503,-90.68232,59.864433,10.311128,-2.6651645,53.983837,51.796646,-27.167767,44.36634,44.508774,-27.507109,10.540638,-10.630227
414,6.740177631378174,7.848717212677002,72.73225402832031,-14.0535061286861,-18.22318708719789,-92.20928149644234,0.028544169,26.044067,12.952185,60.697285,-36.86619,-4.8234477,-100.886505,10.61245,-3.837741,141.31052,8.581011,15.000033,-3.8351195,21.796509,28.6985,-163.81758,54.4435,-90.80823,59.640377,9.867292,-2.8994079,52.98809,47.254745,-24.339174,41.60541,48.699684,-29.184553,10.569779,-12.57534
415,6.839022159576416,7.858897686004639,72.72000885009766,-13.887733699971207,-17.792398300706537,-92.73435196503056,0.059761856,26.020098,13.761393,60.101032,-37.528893,-4.586441,-100.74769,10.829957,-3.5444274,140.56918,6.900903,15.000033,-3.1996036,21.381731,28.217022,-162.28114,54.47286,-90.92595,58.984276,10.202781,-2.7856498,52.466267,45.506157,-24.210812,41.111874,49.00784,-29.383776,11.4325285,-14.534531
416,6.977487564086914,7.879389762878418,72.74530792236328,-13.62397168038553,-17.356613595878912,-92.93522679694962,-0.03798935,25.61647,14.239951,59.479942,-37.933674,-4.2653527,-100.11648,11.405686,-2.7953157,139.9531,5.045186,15.000033,-2.9002593,21.268084,28.77056,-162.5873,54.69318,-91.61813,58.420086,10.214217,-2.5967867,51.085125,42.429913,-23.421648,39.017406,50.20225,-29.780651,12.111223,-16.111639
417,7.086344242095947,7.913909912109375,72.79195404052734,-13.324745316508512,-17.089741204234457,-93.31903580918394,0.050304115,25.266886,14.779471,58.897163,-38.094807,-4.055656,-99.30916,11.618145,-2.2747152,139.27066,3.6371925,15.000033,-2.7175694,20.603588,28.617243,-161.11264,54.73311,-91.859505,57.37482,10.434414,-2.002733,50.09263,40.05438,-23.292328,38.23152,51.339397,-29.54654,12.42237,-17.032396
418,7.195986747741699,7.948997497558594,72.87910461425781,-12.927232500163203,-16.728948564324664,-93.53201326217572,-0.049212486,24.650284,15.104266,58.26803,-38.048977,-3.7923138,-98.247345,11.867275,-1.4705787,138.65971,2.1564488,15.000033,-2.6244738,20.056799,29.167267,-161.13002,54.883945,-92.56721,56.11485,10.731275,-1.1207798,48.205627,36.655796,-22.94476,36.272713,52.738407,-28.90879,12.696606,-17.547764
419,7.290823936462402,7.979560852050781,72.98429107666016,-12.585799893327339,-16.44537757185906,-93.82466936340029,-0.048469022,24.157034,15.473347,57.634937,-37.886787,-3.5838437,-96.99607,11.798267,-0.8726418,137.96097,1.0331808,15.000033,-2.5443738,19.294708,29.20866,-159.94684,54.97802,-92.97594,54.61477,11.007108,-0.22391811,46.835243,33.81728,-22.800835,35.008156,54.079624,-28.4466,12.824772,-17.830814
420,7.393092632293701,8.0142822265625,73.11680603027344,-12.18035445492095,-16.11449580192244,-94.20100914600069,-0.062285017,23.628777,15.958138,56.957035,-37.606117,-3.3474486,-95.688,11.676393,-0.29360342,137.1578,0.38905907,15.000033,-2.3646386,18.690979,29.734005,-159.59819,55.157692,-93.605446,53.0649,11.084664,0.531829,45.19972,30.301725,-22.658045,33.005543,55.60112,-28.511017,12.910253,-17.99046
421,7.5062947273254395,8.044626235961914,73.27562713623047,-11.825015246811347,-15.67600777653523,-94.65711447989875,-0.22274816,23.223303,16.503748,56.343216,-37.209717,-3.0948064,-94.35886,11.370579,0.1095243,136.23181,0.37034884,15.000033,-2.051448,18.291174,29.793802,-158.77893,55.57086,-94.12333,51.229706,10.632986,0.99199176,44.003956,26.416113,-22.480753,30.34544,58.104504,-30.167974,12.319766,-17.59978
422,7.595377445220947,8.061965942382812,73.46304321289062,-11.470747371103789,-15.286408076357215,-95.11093670000191,-0.3250728,22.829288,17.07659,55.719498,-36.682102,-2.8289628,-92.7747,10.932597,0.44303402,135.27043,0.7296932,15.000033,-1.6461891,17.60522,29.793802,-157.49052,56.07355,-94.00727,48.931137,10.811252,1.3049705,42.941376,23.65279,-22.461323,28.863401,59.089417,-30.91341,12.595918,-17.949442
423,7.681817054748535,8.064172744750977,73.67192840576172,-11.13360208209378,-14.915995414048696,-95.58689027528577,-0.35516256,22.464731,17.692146,55.02445,-36.08759,-2.579755,-91.0056,10.478762,0.73060954,134.20992,1.2609651,15.000033,-1.267705,17.015165,29.793802,-155.86049,57.087444,-93.47174,46.170467,11.0092535,1.538563,41.9607,21.190006,-22.677158,27.483412,59.67285,-31.622385,12.918091,-18.331226
424,7.760207176208496,8.049593925476074,73.90274810791016,-10.827976830014324,-14.58200456483863,-96.08418805353267,-0.24182332,22.132822,18.354517,54.184563,-35.494713,-2.38117,-89.05878,10.109862,0.9991463,133.01071,1.731849,15.000033,-1.0490234,16.38515,29.793802,-153.90912,58.15664,-92.93,43.545097,10.957406,1.728007,41.075695,18.972395,-23.175426,26.398735,59.80928,-32.10456,13.184738,-18.665768
425,7.825379848480225,8.017160415649414,74.1526107788086,-10.569389567066024,-14.303893549360316,-96.63001493608066,0.05400111,21.868458,19.08821,53.186306,-34.9197,-2.2462137,-86.8948,9.85065,1.2055527,131.67137,2.157192,15.000033,-0.8484202,15.819858,29.793802,-151.46162,59.301743,-92.0578,40.983788,10.629294,1.81886,40.349987,17.034384,-23.823286,25.370916,59.529488,-32.465733,13.408945,-19.006699
426,7.881355285644531,7.970107555389404,74.41199493408203,-10.343126350002931,-14.096098299946782,-97.21491839964568,0.523236,21.654308,19.884783,52.060394,-34.32726,-2.1570127,-84.4828,9.658017,1.3476351,130.21452,2.6232643,15.000033,-0.6192526,15.360999,29.793802,-148.3559,60.538662,-90.6204,38.390003,10.163484,1.8363814,39.830597,15.311244,-24.535805,24.335571,58.996696,-32.79273,13.613209,-19.368368
427,7.9226531982421875,7.905296802520752,74.68329620361328,-10.123163400265886,-13.956642706241494,-97.78668936529066,1.1489044,21.419693,20.695099,50.800972,-33.706036,-2.1041398,-81.84951,9.519488,1.5256563,128.62189,3.0012376,15.000033,-0.38602927,15.018748,29.793802,-144.49706,61.865147,-88.60841,35.778988,9.706789,1.9494959,39.437172,13.756546,-25.27885,23.320904,58.33147,-32.985977,13.752484,-19.714392
428,7.948157787322998,7.823439121246338,74.97038269042969,-9.881050981710098,-13.865027532864502,-98.29368822392325,1.888515,21.094973,21.465504,49.405304,-33.043495,-2.0776856,-79.04339,9.41248,1.8368791,126.871956,3.1713147,15.000033,-0.19931544,14.767679,29.793802,-139.8858,63.27105,-86.13153,33.1658,9.37463,2.3126168,39.049065,12.330917,-26.05079,22.39957,57.60118,-32.940186,13.774952,-19.993492
429,7.960819244384766,7.726280212402344,75.26372528076172,-9.614212660876918,-13.809257190128617,-98.74667022302813,2.741464,20.674887,22.201477,47.846195,-32.335434,-2.0837858,-76.04648,9.3530655,2.2922497,124.94165,3.0894067,15.000033,-0.06839907,14.593648,29.76213,-134.47754,64.748726,-83.33591,30.452621,9.044946,3.0182128,38.676647,10.990955,-26.858473,21.669586,56.831036,-32.51898,13.63836,-20.192947
430,7.969761848449707,7.608351707458496,75.5630111694336,-9.330945949646367,-13.584900378575044,-99.1869030386662,3.4323957,20.198284,22.886986,46.202904,-31.595081,-2.1098897,-73.10988,9.314728,2.842091,122.8245,2.8978877,15.000033,0.016746772,14.486265,28.959959,-127.52959,66.2457,-79.98693,27.534063,8.680831,3.961192,38.403755,9.726656,-27.647732,21.375061,56.44863,-31.795013,13.354995,-20.264791
431,7.957942008972168,7.470274925231934,75.86253356933594,-9.021733525326034,-13.332445612098102,-99.56322559111203,4.1114683,19.642231,23.50611,44.481792,-30.818676,-2.1494913,-70.12997,9.243249,3.4913797,120.561386,2.606636,15.000033,-0.033730045,14.346141,28.137945,-119.98893,67.747025,-76.238304,24.601358,8.438999,4.973099,37.971664,8.4318905,-28.411854,21.282055,56.077045,-31.023745,13.004816,-20.278385
432,7.941040515899658,7.321486473083496,76.1585922241211,-8.67942038824427,-13.016797499993753,-99.84142875871098,4.693268,18.995369,24.014242,42.74467,-30.00713,-2.1834323,-67.22169,9.062633,4.2299695,118.1762,2.2756398,15.000033,-0.27679738,14.1122675,27.324104,-111.962074,69.222145,-71.96638,21.781038,8.523162,5.8945765,37.230606,7.1012063,-29.129826,21.337507,55.69782,-30.437603,12.644938,-20.225935
433,7.91542911529541,7.152786731719971,76.44525909423828,-8.282479800584282,-12.630274153693936,-100.00721399060575,5.1778226,18.225178,24.400553,40.960056,-29.145252,-2.2036803,-64.3995,8.74959,5.0865693,115.69079,1.9167721,15.000033,-0.74010843,13.754018,26.524557,-103.35354,70.62842,-67.1233,19.042408,9.059807,6.7010546,35.943764,5.722904,-29.77963,21.545637,55.29076,-30.116802,12.264634,-20.074535
434,7.877681255340576,6.974973678588867,76.71992492675781,-7.841277827661865,-12.193043153207105,-100.08101332785144,5.610557,17.349531,24.68697,39.09996,-28.232265,-2.2206578,-61.608,8.3132515,6.025896,113.08956,1.4935459,15.000033,-1.399403,13.282133,25.752789,-94.09857,71.91573,-61.769077,16.323614,9.911267,7.442941,34.242035,4.28721,-30.348927,21.938015,54.83568,-29.929344,11.839492,-19.836031
435,7.82534122467041,6.794058322906494,76.98297119140625,-7.390474485888132,-11.712311641662467,-100.08090183186314,5.9757595,16.441526,24.880806,37.234062,-27.291927,-2.2432775,-58.860806,7.726056,6.9265604,110.33515,1.0023125,15.000033,-2.2100499,12.718039,25.029177,-84.360695,73.02017,-55.949898,13.713994,10.858135,8.082539,32.531197,2.8194406,-30.826017,22.471619,54.316364,-29.7879,11.406484,-19.577635
436,7.75368070602417,6.6111931800842285,77.23080444335938,-7.034200342921522,-11.203131225332609,-100.04380616879364,6.243652,15.682637,24.99276,35.50479,-26.383348,-2.304055,-56.17309,6.9661565,7.567741,107.34964,0.47278056,15.000033,-3.0959136,12.157978,24.38005,-74.36017,73.8613,-49.75706,11.324583,11.678389,8.608911,31.223639,1.3672565,-31.20189,23.08041,53.70948,-29.608995,11.003719,-19.36699
437,7.667415618896484,6.415347576141357,77.47029876708984,-6.69254929419606,-10.640889854888968,-99.93178435814701,6.3958354,14.95156,25.00417,33.862865,-25.46264,-2.3728685,-53.546127,5.986242,8.026912,104.14926,-0.18990512,15.000033,-4.070813,11.500668,23.785254,-64.1922,74.32815,-43.287525,9.240964,12.422207,9.05627,30.47906,-0.011615863,-31.45853,23.710405,52.941734,-29.39518,10.637969,-19.204062
438,7.561445236206055,6.216529369354248,77.69212341308594,-6.362682693894172,-10.032117359830284,-99.74375386557556,6.4542994,14.2406,24.918606,32.27934,-24.527266,-2.450259,-50.965626,4.827183,8.32413,100.7487,-0.9631179,15.000033,-5.0975227,10.7609415,23.221415,-54.065044,74.31771,-36.841263,7.45499,13.179923,9.428722,30.060753,-1.2714328,-31.584633,24.323332,52.00651,-29.181776,10.289754,-19.064373
439,7.4427714347839355,6.008981704711914,77.89940643310547,-6.060210328781222,-9.412667543408096,-99.51229695587445,6.4703665,13.57939,24.774673,30.757727,-23.61803,-2.5393338,-48.407505,3.700721,8.52528,97.17032,-1.7295971,15.000033,-6.077289,10.000945,22.671343,-44.489548,73.793396,-30.915768,5.9972477,13.805838,9.6864605,29.790733,-2.3895793,-31.59547,24.882729,51.010464,-28.937113,9.958845,-18.977827
440,7.3096923828125,5.794198989868164,78.0931167602539,-5.797193254968063,-8.815473030127052,-99.27183930354414,6.4932494,12.995477,24.612432,29.29693,-22.77224,-2.6450245,-45.875256,2.6684434,8.590801,93.43334,-2.3599777,14.603147,-6.9190283,9.282657,22.11301,-35.981064,72.802246,-25.987255,4.9405866,14.146102,9.783649,29.497646,-3.3513522,-31.52242,25.367159,50.067856,-28.629892,9.643928,-18.969368
441,7.170860290527344,5.586806297302246,78.26024627685547,-5.5687972482005685,-8.228416172117567,-99.02156527307561,6.512998,12.474675,24.436743,27.887617,-21.98982,-2.760334,-43.328327,2.0563207,8.848672,89.48323,-2.8312814,14.447781,-7.6127825,8.627785,21.520607,-28.800106,71.42571,-22.329464,4.48616,14.047328,9.623392,29.35489,-4.140454,-31.391811,25.785315,49.20088,-28.232254,9.361813,-19.074804
442,7.024057388305664,5.3764214515686035,78.41069030761719,-5.363144313040235,-7.637792647095026,-98.74815925889142,6.510766,11.997938,24.233274,26.524584,-21.252678,-2.8813252,-40.779236,1.7093571,9.26587,85.32762,-3.2025506,14.478916,-8.172337,8.030471,20.86871,-22.949797,69.73478,-19.960032,4.695027,13.651153,9.260659,29.383987,-4.730608,-31.214943,26.118174,48.373913,-27.771667,9.107091,-19.267881
443,6.8608856201171875,5.16640567779541,78.53742218017578,-5.169638092208939,-7.070005116642199,-98.46603931317647,6.5124674,11.559565,24.014296,25.225801,-20.57389,-3.0034938,-38.238007,1.5003235,9.770527,81.08975,-3.4928768,14.58617,-8.571595,7.4987454,20.15152,-18.340666,67.801605,-18.705969,5.4169273,13.241807,8.874422,29.18813,-5.12169,-31.002562,26.333075,47.616142,-27.302076,8.845049,-19.476702
444,6.693037033081055,4.951729774475098,78.64187622070312,-4.982243082865577,-6.552691956186048,-98.1894363951797,6.544769,11.155919,23.792294,24.008413,-19.96785,-3.1235087,-35.714798,1.325323,10.280611,76.8879,-3.722792,14.681064,-8.817613,7.0313888,19.389082,-14.870809,65.69467,-18.317698,6.5233173,13.043769,8.644652,28.365768,-5.349288,-30.767122,26.427021,46.95294,-26.876524,8.542456,-19.629128
445,6.521944046020508,4.739483833312988,78.72518157958984,-4.811393555347378,-6.090437830290886,-97.91518257340022,6.612458,10.795383,23.561167,22.872658,-19.439434,-3.2435682,-33.20162,1.1979305,10.80956,72.69716,-3.8797975,14.7631645,-8.918891,6.6180677,18.592388,-12.308219,63.4543,-18.486275,7.911703,13.082679,8.687906,26.5977,-5.409364,-30.514032,26.406073,46.365433,-26.532045,8.209009,-19.698206
446,6.340778827667236,4.533712387084961,78.7868423461914,-4.653893759038989,-5.668052502929113,-97.63792175884363,6.7000675,10.475244,23.31821,21.811823,-18.981619,-3.362245,-30.69685,1.1441842,11.407161,68.46454,-3.9578173,14.859955,-8.922681,6.2460117,17.777409,-10.434071,61.1184,-19.023422,9.624082,13.216602,8.886425,24.159355,-5.343996,-30.251204,26.32527,45.853622,-26.230953,7.8571205,-19.721724
447,6.15082311630249,4.323414325714111,78.82626342773438,-4.48992897044904,-5.284734888748711,-97.36768259003307,6.804835,10.174843,23.079424,20.830893,-18.588263,-3.4747777,-28.224352,1.1013049,12.03083,64.27162,-3.9813473,14.939522,-8.8396435,5.900586,16.95603,-9.012892,58.718647,-19.777208,11.606095,13.463422,9.065718,21.559057,-5.184832,-29.98193,26.19664,45.427616,-25.912102,7.45611,-19.721386
448,5.966662883758545,4.1159892082214355,78.84915161132812,-4.303376522117588,-4.940525881229925,-97.11382628623832,6.9261203,9.872072,22.86254,19.930454,-18.24954,-3.5753057,-25.807924,1.0161723,12.633599,60.201584,-3.975056,14.979941,-8.676116,5.5667205,16.137314,-7.8524265,56.28591,-20.643358,13.810587,13.830659,9.04826,19.30679,-4.962131,-29.709951,26.027504,45.102146,-25.51639,6.974941,-19.717976
449,5.775313377380371,3.910778760910034,78.85067749023438,-4.084759369160966,-4.641797179710764,-96.87765343188613,7.071711,9.558707,22.67691,19.113955,-17.968792,-3.6625636,-23.428953,0.96384794,13.314555,56.23035,-3.8573093,15.000033,-8.429269,5.223697,15.331907,-6.8618755,53.836475,-21.493912,16.203285,14.461685,8.8077,17.432053,-4.668663,-29.435146,25.804361,44.867085,-25.049026,6.3662415,-19.69403
450,5.573668479919434,3.707153081893921,78.83367156982422,-3.847476105013891,-4.38635610163091,-96.6535739195552,7.236328,9.244676,22.512257,18.383837,-17.748775,-3.7413263,-21.084532,0.93443805,14.0741205,52.323658,-3.644592,15.000033,-8.11302,4.869834,14.551017,-6.004258,51.38245,-22.249954,18.74125,15.282102,8.419593,15.698955,-4.306238,-29.155859,25.540958,44.70573,-24.532759,5.6597652,-19.641787
451,5.386176109313965,3.516087770462036,78.80345916748047,-3.5966263804776677,-4.161060297509723,-96.44166778988345,7.4043064,8.93495,22.357103,17.729357,-17.582726,-3.8159628,-18.827995,0.78155166,14.70233,48.56052,-3.5072417,15.000033,-7.752575,4.5231705,13.799386,-5.236622,48.94993,-22.952604,21.39372,15.962962,7.8785944,14.218763,-3.9100983,-28.872448,25.279686,44.623512,-23.937374,4.93919,-19.596397
452,5.184382438659668,3.321913242340088,78.76209259033203,-3.343547165544144,-3.954012265439763,-96.2418123527614,7.561481,8.642675,22.199026,17.140423,-17.463383,-3.893749,-16.708717,0.3771325,14.90212,45.008675,-3.610951,14.8060665,-7.3651524,4.202212,13.079833,-4.544987,46.56927,-23.677664,24.144094,16.175566,7.1985197,13.098139,-3.503562,-28.583124,25.053083,44.619072,-23.2332,4.287093,-19.59317
453,4.97928524017334,3.131877899169922,78.70787811279297,-3.083537298606201,-3.768457684884119,-96.04949343073247,7.7145324,8.362081,22.030071,16.611097,-17.400152,-3.973585,-14.705032,-0.33204865,14.4516945,41.662395,-4.03346,14.153712,-6.9519114,3.900142,12.399162,-3.9229996,44.269756,-24.474384,27.02023,15.741138,6.292923,12.498667,-3.071474,-28.285473,24.8436,44.67519,-22.434504,3.729351,-19.670832
454,4.767370700836182,2.9491689205169678,78.63951110839844,-2.8161805939021063,-3.610856219767606,-95.86477806077727,7.8669114,8.095378,21.856674,16.155132,-17.39636,-4.0549445,-12.774052,-1.1971091,13.551861,38.48456,-4.692457,13.321837,-6.5002093,3.6039896,11.7624235,-3.3566918,42.060562,-25.2773,29.99197,14.861885,5.197545,12.297939,-2.5974693,-27.975346,24.632677,44.78484,-21.552795,3.217769,-19.798773
455,4.554131031036377,2.7829906940460205,78.56404876708984,-2.569122139938745,-3.47461259297846,-95.69461554242531,8.000243,7.8783865,21.687094,15.793662,-17.436638,-4.149686,-10.938515,-2.0499153,12.4186535,35.49656,-5.507138,12.430174,-6.0127,3.3247216,11.167317,-2.8242323,39.935448,-25.995687,32.964474,13.78444,4.1153064,12.178174,-2.1178133,-27.648811,24.463,44.97556,-20.551651,2.7245507,-19.909573
456,4.334103107452393,2.617466688156128,78.4885482788086,-2.363600845919595,-3.3519214748905233,-95.54731113204764,8.095381,7.7442594,21.531162,15.5474205,-17.505333,-4.269671,-9.240255,-2.7523081,11.274093,32.725697,-6.386732,11.568442,-5.4965925,3.0752013,10.609564,-2.3026865,37.879173,-26.534893,35.84479,12.750626,3.2574534,11.838971,-1.6774269,-27.300503,24.383272,45.280415,-19.392527,2.2247033,-19.935907
457,4.103753089904785,2.4601948261260986,78.41547393798828,-2.2029712924326033,-3.243794243314511,-95.43133955865743,8.149547,7.706221,21.39487,15.431682,-17.607836,-4.4235964,-7.6979003,-3.3146052,10.061585,30.178288,-7.4099216,10.679516,-4.9327445,2.856021,10.090442,-1.7842053,35.87911,-26.828894,38.60871,11.80101,2.675116,11.174532,-1.2965978,-26.930225,24.446693,45.729923,-17.95992,1.7076501,-19.904896
458,3.8624510765075684,2.3234381675720215,78.34618377685547,-2.0785603806567012,-3.153865692032375,-95.34046213654099,8.170308,7.744938,21.272408,15.436618,-17.751596,-4.6031,-6.2746053,-3.7925277,8.711163,27.822245,-8.590282,9.75724,-4.3382406,2.663179,9.611328,-1.2642426,33.93925,-26.92101,41.298164,10.825894,2.2634254,10.3585825,-0.9707486,-26.537907,24.631092,46.313965,-16.305866,1.1914054,-19.83486
459,3.6166646480560303,2.1907105445861816,78.28903198242188,-1.9788348333826005,-3.0756637343509934,-95.26178268226548,8.156109,7.8382154,21.157055,15.535541,-17.920147,-4.7926784,-4.9528365,-4.1536207,7.4238243,25.62909,-9.72533,8.926612,-3.7658958,2.4977982,9.165348,-0.7444999,32.07291,-26.901068,43.929375,9.8286295,2.0042257,9.523431,-0.7018931,-26.118217,24.86108,47.003067,-14.644777,0.6987187,-19.647429
460,3.3722572326660156,2.0761265754699707,78.23729705810547,-1.8942731774849482,-3.0020044983054937,-95.18254539180572,8.105396,7.96188,21.04238,15.700503,-18.0964,-4.9764814,-3.7339845,-4.383009,6.395054,23.588743,-10.603037,8.288318,-3.2628303,2.3580952,8.745524,-0.23036031,30.297194,-26.86261,46.517754,8.811807,1.87483,8.800874,-0.48512846,-25.662403,25.054203,47.764435,-13.191952,0.25517672,-19.269127
461,3.118292808532715,1.968012809753418,78.19258880615234,-1.8185914921133166,-2.9208973213941665,-95.09784851352143,7.9900694,8.109225,20.922037,15.95485,-18.283773,-5.1454573,-2.649764,-4.497731,5.687762,21.697493,-11.139516,7.833449,-2.8286257,2.2318525,8.343123,0.25406477,28.627043,-26.841621,49.095512,7.740288,1.9133562,8.228605,-0.32696262,-25.162098,25.199087,48.62307,-11.987019,-0.14223886,-18.637
462,2.86714768409729,1.8692599534988403,78.15160369873047,-1.753255324294566,-2.8382754894603432,-95.01573069994897,7.8198233,8.288674,20.80134,16.301472,-18.48806,-5.308569,-1.702844,-4.52803,5.191783,19.962116,-11.446487,7.4927454,-2.4334195,2.1147263,7.965451,0.71574247,27.066303,-26.792551,51.635952,6.6232963,2.114422,7.7425313,-0.22156627,-24.61407,25.321716,49.57992,-10.921483,-0.49655345,-17.809492
463,2.635911464691162,1.8042583465576172,78.10298156738281,-1.7086343677780411,-2.7747438982990142,-94.94212878262681,7.6553993,8.4965105,20.691605,16.666164,-18.686811,-5.477268,-0.8596519,-4.4895344,4.843499,18.400211,-11.606635,7.25896,-2.081999,2.0169914,7.6281257,1.1881698,25.613445,-26.69184,54.07442,5.5242133,2.3856475,7.3189197,-0.15066658,-24.022715,25.403002,50.5737,-9.9883995,-0.78627163,-16.899897
464,2.412794828414917,1.7376363277435303,78.05702209472656,-1.6917492732936688,-2.750378173251086,-94.88351308254234,7.5583544,8.728055,20.605038,16.97384,-18.857237,-5.663395,-0.087606356,-4.3987374,4.5827966,17.034079,-11.703149,7.1224284,-1.7752984,1.9525092,7.347284,1.7019261,24.261396,-26.519905,56.346836,4.5084605,2.6346402,6.929519,-0.086186424,-23.396944,25.419704,51.534325,-9.18298,-0.9943062,-16.020418
465,2.195498466491699,1.6752617359161377,78.02371978759766,-1.7095816492037903,-2.781285627066606,-94.8423677329283,7.551362,8.989239,20.546755,17.220547,-19.002443,-5.8744116,0.61256236,-4.2602677,4.449516,15.887781,-11.719752,7.1122236,-1.5214522,1.935619,7.1438804,2.2516558,23.005802,-26.272556,58.46709,3.5834138,2.857336,6.552016,-0.0104299,-22.736317,25.32192,52.431885,-8.576477,-1.0912651,-15.142412
466,1.9798206090927124,1.6264750957489014,77.99640655517578,-1.7528973992308357,-2.8519902508944117,-94.81577803311077,7.6012754,9.27633,20.511477,17.438677,-19.131699,-6.102442,1.2153453,-4.0819073,4.46223,14.957874,-11.627149,7.2042313,-1.313628,1.9567436,7.0039124,2.816927,21.845509,-25.965933,60.465687,2.7186484,3.0916812,6.206509,0.0625857,-22.041183,25.134705,53.30214,-8.150772,-1.1007907,-14.228703
467,1.7706408500671387,1.5830928087234497,77.98175048828125,-1.8142020077820682,-2.936371727138586,-94.80164664109228,7.6830606,9.573452,20.495428,17.611826,-19.231344,-6.336653,1.7225794,-3.8791132,4.528323,14.213128,-11.491008,7.311461,-1.133136,1.9980232,6.891408,3.4085152,20.774748,-25.606844,62.298206,1.926194,3.3116498,5.924278,0.1147278,-21.327377,24.950928,54.17047,-7.7615576,-1.0851353,-13.377362
468,1.5648252964019775,1.5464881658554077,77.97633361816406,-1.8829118671865928,-3.007987108501209,-94.79754173237633,7.775767,9.864905,20.494757,17.71502,-19.28759,-6.566296,2.1380384,-3.6633782,4.55391,13.619367,-11.374064,7.349197,-0.9651475,2.0447485,6.771932,4.036209,19.784761,-25.199831,63.922768,1.2178985,3.4885886,5.735667,0.13284388,-20.621675,24.864344,55.05426,-7.260472,-1.1028253,-12.684757
469,1.3632599115371704,1.5165855884552002,77.97936248779297,-1.9733190513902243,-3.06267781403268,-94.82243110051141,7.877955,10.169483,20.527035,17.74722,-19.293869,-6.80016,2.4138212,-3.4144428,4.531298,13.250568,-11.285038,7.291019,-0.8042229,2.1174963,6.6480308,4.70005,18.86408,-24.729925,65.35092,0.63643926,3.6053565,5.676199,0.11196739,-19.945168,24.907091,55.942806,-6.573301,-1.1666502,-12.180573
470,1.1777747869491577,1.4976043701171875,77.99098205566406,-2.0845037143287954,-3.1136479840669296,-94.87098543208734,8.003074,10.4889,20.588161,17.715849,-19.259657,-7.039914,2.5597272,-3.1308234,4.5032325,13.097961,-11.191198,7.185382,-0.6622604,2.2260404,6.537933,5.390284,18.00589,-24.195621,66.599754,0.16665857,3.6779585,5.71847,0.074748896,-19.301651,25.028784,56.808285,-5.783211,-1.2465432,-11.807931
471,0.9905765652656555,1.4830771684646606,78.00638580322266,-2.19282057442494,-3.1614953668852923,-94.90411979656213,8.13408,10.789071,20.638018,17.645082,-19.201004,-7.2640023,2.6691148,-2.8532054,4.451675,13.000791,-11.092087,7.0588017,-0.5487623,2.3368843,6.431714,6.095445,17.209814,-23.623531,67.652016,-0.2671712,3.7180576,5.7992525,0.051255412,-18.69051,25.195862,57.642216,-4.9777193,-1.336341,-11.532492
472,0.8067995309829712,1.4700915813446045,78.02161407470703,-2.269955315366811,-3.2065516888948666,-94.88282603586796,8.256477,11.034278,20.637007,17.549038,-19.13167,-7.450942,2.8330853,-2.6236591,4.3605347,12.814518,-10.998128,6.932115,-0.47273952,2.4146194,6.3200827,6.8067384,16.480257,-23.03757,68.48521,-0.7399266,3.7394762,5.8551455,0.06870011,-18.108128,25.375366,58.437305,-4.2450213,-1.4298321,-11.321168
473,0.6303649544715881,1.4696414470672607,78.03821563720703,-2.3073281312691285,-3.2473994060939564,-94.80858442368523,8.3684845,11.209037,20.588251,17.424606,-19.049976,-7.5816336,3.071432,-2.4563918,4.233473,12.50864,-10.914033,6.803279,-0.43032703,2.4459236,6.201771,7.535479,15.820049,-22.408184,69.058495,-1.2664758,3.7510023,5.8876257,0.12174649,-17.55355,25.595566,59.211433,-3.5770812,-1.5475783,-11.197483
474,0.45260727405548096,1.4527628421783447,78.055419921875,-2.319086681587596,-3.2844666146784376,-94.69811959122256,8.475955,11.334682,20.507946,17.265974,-18.94955,-7.671838,3.3394208,-2.327337,4.075769,12.161235,-10.836765,6.6642303,-0.42013314,2.4484158,6.083451,8.279211,15.228712,-21.729944,69.39481,-1.80928,3.7433093,5.9238944,0.19638933,-17.027596,25.864723,59.96353,-2.9375904,-1.6889246,-11.167916
475,0.28177517652511597,1.4257018566131592,78.07059478759766,-2.320917025577164,-3.3207021859246666,-94.53526930670186,8.57363,11.432684,20.375235,17.085554,-18.836637,-7.753014,3.6397057,-2.2233021,3.8752844,11.777606,-10.761066,6.5238376,-0.45039472,2.4342647,5.9680266,9.008434,14.707036,-21.064186,69.567116,-2.3623238,3.7040741,5.939367,0.31405175,-16.525578,26.113293,60.651474,-2.3744006,-1.8148527,-11.17438
476,0.11336929351091385,1.4053683280944824,78.0825424194336,-2.32239537418605,-3.3588989607400905,-94.30370698194797,8.655279,11.52465,20.169094,16.89876,-18.71946,-7.856295,3.972204,-2.1315477,3.6204722,11.365377,-10.681638,6.3905616,-0.5234665,2.4148626,5.857102,9.690338,14.257906,-20.483974,69.6536,-2.9249923,3.6214063,5.9095273,0.4983899,-16.040236,26.264877,61.2328,-1.936651,-1.8850877,-11.159744
477,-0.0505329854786396,1.3864549398422241,78.0923080444336,-2.323094739524169,-3.3998720098598927,-93.98399286193053,8.723355,11.607347,19.871243,16.692389,-18.592218,-7.9920073,4.352012,-2.0554574,3.2951021,10.908557,-10.597547,6.2662325,-0.64458424,2.3840086,5.7462335,10.325495,13.890646,-19.992905,69.63563,-3.4951606,3.493656,5.807944,0.7684028,-15.566287,26.285652,61.687588,-1.6961465,-1.8685348,-11.115322
478,-0.21927107870578766,1.369023323059082,78.09666442871094,-2.319258390927161,-3.4422084327435907,-93.58956316912601,8.779664,11.672218,19.496716,16.465252,-18.454288,-8.1425,4.7740064,-1.9982518,2.9096093,10.41068,-10.513018,6.1485624,-0.8049229,2.334521,5.636565,10.928349,13.608706,-19.560144,69.48324,-4.0758677,3.3284018,5.6523733,1.1084398,-15.102575,26.214521,62.039173,-1.6096522,-1.7930287,-11.070547
479,-0.3844175338745117,1.3412489891052246,78.10284423828125,-2.314996470923434,-3.4852586382739443,-93.1543651885563,8.81954,11.731229,19.074924,16.2445,-18.318634,-8.29728,5.2144194,-1.9471824,2.4916627,9.895348,-10.423122,6.038332,-0.9865073,2.276907,5.5353227,11.48407,13.402552,-19.210367,69.26653,-4.6750903,3.1264493,5.4851065,1.4856863,-14.650666,26.084887,62.322384,-1.5553881,-1.7101249,-11.026183
480,-0.5424606800079346,1.318320870399475,78.1073226928711,-2.3183535490176137,-3.5282914344661687,-92.71242637996843,8.838041,11.796378,18.635502,16.056795,-18.197699,-8.446148,5.6505246,-1.8906136,2.0694752,9.383299,-10.323239,5.935771,-1.1688914,2.2241979,5.4474545,11.971704,13.254496,-18.971813,69.06682,-5.2989416,2.8872755,5.3505707,1.8724722,-14.215368,25.926498,62.567398,-1.4139612,-1.6672527,-10.982786
481,-0.6890891790390015,1.2942968606948853,78.11258697509766,-2.3327263176705424,-3.575632285164181,-92.24961986419157,8.832686,11.870384,18.158758,15.908461,-18.092737,-8.596037,6.090296,-1.8264488,1.6305133,8.8765745,-10.209954,5.84349,-1.3618382,2.183907,5.373579,12.374862,13.157312,-18.861654,68.91508,-5.9944572,2.576564,5.2381444,2.2807007,-13.800198,25.727493,62.760735,-1.14201,-1.676866,-10.94327
482,-0.8329964876174927,1.272647500038147,78.11653900146484,-2.351498530663292,-3.625947048092361,-91.75559525867381,8.806865,11.9457655,17.638254,15.783228,-17.99648,-8.749445,6.5476594,-1.7601316,1.1663028,8.352488,-10.081139,5.7615027,-1.5698514,2.1512043,5.308775,12.70075,13.1109705,-18.86432,68.77994,-6.74216,2.204549,5.1317677,2.7227144,-13.406811,25.478342,62.89136,-0.8078535,-1.7127444,-10.9056835
483,-0.9622960090637207,1.2624832391738892,78.11559295654297,-2.3613557199919986,-3.667449642186129,-91.27330104056874,8.760081,12.007084,17.127523,15.680638,-17.91172,-8.88811,6.876273,-1.7030882,0.7188163,8.066289,-10.067589,5.6860404,-1.7622684,2.1129184,5.24653,12.962262,13.104735,-18.959766,68.65188,-7.448379,1.8358487,5.070207,3.1707277,-13.036454,25.21683,62.99432,-0.45378116,-1.7654562,-10.863783
484,-1.0885725021362305,1.2446492910385132,78.11166381835938,-2.3645123107849972,-3.691240229735782,-90.84131372514409,8.697257,12.056059,16.675913,15.593038,-17.837101,-8.9957075,7.0694194,-1.6542856,0.3201861,7.985298,-10.148933,5.6105647,-1.91572,2.0736113,5.1828074,13.169917,13.12085,-19.124477,68.52648,-8.016657,1.5332576,5.096887,3.5915418,-12.691099,24.983982,63.111244,-0.121383995,-1.825828,-10.812382
485,-1.199837565422058,1.2354525327682495,78.10469055175781,-2.3672019725277402,-3.694953852908756,-90.46409025131534,8.605467,12.10654,16.289118,15.545071,-17.789614,-9.061685,7.209192,-1.6038696,-0.028683487,7.923474,-10.225431,5.5280776,-2.0321722,2.0505028,5.112456,13.309311,13.148478,-19.38492,68.42132,-8.43866,1.3032343,5.2482643,3.9769568,-12.375487,24.794151,63.256413,0.19291857,-1.907083,-10.745784
486,-1.2999076843261719,1.2390360832214355,78.09979248046875,-2.372354709968028,-3.684122106623797,-90.12189652500443,8.488567,12.157468,15.942486,15.52874,-17.761806,-9.09757,7.3148127,-1.5522792,-0.34556222,7.868461,-10.292918,5.442656,-2.1252437,2.045612,5.0385513,13.37303,13.185969,-19.740997,68.34562,-8.756577,1.1126553,5.498204,4.343408,-12.092391,24.627478,63.40954,0.5074973,-2.0085037,-10.668315
487,-1.3889455795288086,1.242251992225647,78.09660339355469,-2.374025057623863,-3.664519454600441,-89.8142780278212,8.369873,12.198485,15.634935,15.506124,-17.725327,-9.12159,7.3947663,-1.5073612,-0.6321599,7.818038,-10.351904,5.362648,-2.1940618,2.0476265,4.9723234,13.383135,13.228279,-20.12847,68.28029,-8.951466,0.9658239,5.798229,4.69184,-11.83838,24.473331,63.56292,0.80136436,-2.099516,-10.590984
488,-1.4731374979019165,1.2516905069351196,78.09258270263672,-2.3620339300819126,-3.6420951663578736,-89.5414289275964,8.27057,12.2173815,15.365594,15.446878,-17.656103,-9.151905,7.4537687,-1.480675,-0.8889604,7.7781243,-10.4066925,5.2958255,-2.2407815,2.0414095,4.924078,13.362893,13.268624,-20.48021,68.20833,-9.004358,0.86763185,6.1006017,5.017774,-11.605759,24.324005,63.716045,1.0524665,-2.1501424,-10.526171
489,-1.5443902015686035,1.268920660018921,78.09085845947266,-2.334156602623077,-3.6150911638679606,-89.30737218266349,8.190795,12.210619,15.136764,15.345769,-17.547367,-9.191062,7.485401,-1.4772785,-1.1119403,7.752688,-10.459238,5.241421,-2.262599,2.0238721,4.893286,13.303866,13.302947,-20.794235,68.1356,-8.841241,0.8405512,6.4204173,5.3140144,-11.389515,24.168419,63.877422,1.2483919,-2.1521733,-10.477756
490,-1.6144195795059204,1.2880663871765137,78.09707641601562,-2.2954501874809146,-3.581632641754267,-89.11048492047095,8.117963,12.186415,14.947385,15.225848,-17.413578,-9.230102,7.488153,-1.4908655,-1.301891,7.739784,-10.507476,5.1947975,-2.2622514,2.0035248,4.874326,13.195726,13.330902,-21.099174,68.073364,-8.495469,0.876984,6.7758393,5.578272,-11.188504,24.014864,64.05532,1.4015319,-2.1235478,-10.440958
491,-1.6794277429580688,1.3066015243530273,78.10498046875,-2.247753845060143,-3.54774901768003,-88.94318007060374,8.063368,12.148236,14.79298,15.078015,-17.260054,-9.2703705,7.47551,-1.5167536,-1.4665431,7.733448,-10.547595,5.1582036,-2.250489,1.9795785,4.8688297,13.0626,13.351909,-21.368279,68.01159,-8.104859,0.9355251,7.123449,5.808924,-11.0037365,23.888731,64.25087,1.5303438,-2.0698488,-10.416637
492,-1.7369227409362793,1.3384935855865479,78.11412048339844,-2.1968317530993877,-3.519472101357569,-88.79789881033876,8.038549,12.099107,14.669432,14.892408,-17.090221,-9.312952,7.460437,-1.5502355,-1.6129972,7.7303042,-10.578165,5.1336203,-2.2408304,1.9522953,4.879043,12.930538,13.365148,-21.573183,67.938126,-7.806793,0.9729363,7.420217,6.004002,-10.83574,23.817226,64.46624,1.6529717,-1.9987487,-10.405099
493,-1.7915258407592773,1.3709080219268799,78.1246566772461,-2.1364741097599773,-3.495073880631339,-88.67690368071467,8.044826,12.034256,14.582083,14.663858,-16.901072,-9.358094,7.440996,-1.5972009,-1.7413939,7.729676,-10.596494,5.127803,-2.234093,1.91731,4.9043775,12.808153,13.36917,-21.689295,67.84035,-7.6125145,0.9885568,7.660874,6.157954,-10.684992,23.810911,64.71091,1.7651628,-1.8979577,-10.410002
494,-1.834277868270874,1.4010167121887207,78.1389389038086,-2.067621640311705,-3.47264323318381,-88.58282479497063,8.076518,11.954657,14.530803,14.39853,-16.692244,-9.405081,7.412318,-1.6576922,-1.8480623,7.733098,-10.604127,5.1369677,-2.2270548,1.8766437,4.944106,12.682554,13.363501,-21.733978,67.7278,-7.4557967,1.0007764,7.8663344,6.2715597,-10.551932,23.856665,64.98274,1.8605422,-1.7686442,-10.430366
495,-1.8756561279296875,1.4262363910675049,78.15313720703125,-1.9984762597424417,-3.456867097970427,-88.50877902979502,8.133318,11.871347,14.502706,14.1059,-16.472292,-9.453359,7.380554,-1.7201757,-1.9368415,7.7441473,-10.606996,5.1503844,-2.2224953,1.8436637,5.004215,12.549549,13.351293,-21.746778,67.611885,-7.359897,0.99403304,8.03142,6.3702636,-10.455426,23.9451,65.2372,1.9603844,-1.6357261,-10.454162
496,-1.9172886610031128,1.4588758945465088,78.16752624511719,-1.9363014225086737,-3.452706360331988,-88.44800452448995,8.214596,11.795076,14.485114,13.797914,-16.251154,-9.502579,7.3578925,-1.7723297,-2.0118787,7.754532,-10.605071,5.1570544,-2.2305088,1.815617,5.07693,12.398404,13.331194,-21.756735,67.5326,-7.3426485,0.95082504,8.158299,6.42475,-10.352557,24.073048,65.51829,2.076266,-1.5299946,-10.48543
497,-1.9528405666351318,1.49869704246521,78.18064880371094,-1.8882940625857343,-3.4624172380823324,-88.40319182841043,8.327751,11.729968,14.480785,13.466213,-16.026703,-9.560139,7.343123,-1.8082135,-2.0699081,7.768481,-10.598358,5.1563635,-2.2446918,1.8016208,5.172017,12.230703,13.307561,-21.76518,67.484474,-7.445181,0.84754807,8.229214,6.4554405,-10.2640085,24.237524,65.79862,2.247129,-1.4709058,-10.523305
498,-1.9872548580169678,1.5340631008148193,78.19562530517578,-1.8484437863582919,-3.4829309018123067,-88.37670149529221,8.47139,11.669633,14.494608,13.106504,-15.794474,-9.623694,7.332883,-1.8346841,-2.1101658,7.784788,-10.585077,5.1534634,-2.2401242,1.8040447,5.2984786,12.046085,13.293773,-21.781885,67.43646,-7.651526,0.70148677,8.243546,6.503216,-10.227214,24.410624,66.01978,2.4482508,-1.4362824,-10.557098
499,-2.0190389156341553,1.5671454668045044,78.20661926269531,-1.8091520454056762,-3.511235132253846,-88.36053996652912,8.628756,11.60797,14.516677,12.743312,-15.563308,-9.677985,7.3254747,-1.8603692,-2.1406143,7.8070645,-10.572543,5.146072,-2.2787273,1.8009268,5.4238973,11.862237,13.263295,-21.770807,67.414345,-7.8791375,0.5519077,8.241061,6.478661,-10.170165,24.664581,66.297806,2.6295485,-1.3986444,-10.599381
500,-2.045851469039917,1.6060361862182617,78.21569061279297,-1.7661247408308545,-3.5443105160757113,-88.34747798847627,8.7841,11.538616,14.538134,12.398185,-15.340934,-9.707918,7.3169446,-1.8936965,-2.1683724,7.843176,-10.570274,5.1319203,-2.3088713,1.7966172,5.5580335,11.655619,13.239632,-21.811192,67.393456,-8.070551,0.44585568,8.240407,6.4592414,-10.135673,24.91184,66.516815,2.7020524,-1.3191978,-10.618055
501,-2.064624786376953,1.649511456489563,78.22881317138672,-1.7162190033086735,-3.5865114569065657,-88.33951819733174,8.940421,11.459509,14.56144,12.07638,-15.128611,-9.704829,7.3088646,-1.9361556,-2.1932173,7.898327,-10.581447,5.1050725,-2.3495183,1.7857287,5.699816,11.43302,13.216845,-21.88596,67.37827,-8.218637,0.40345085,8.245499,6.4159536,-10.112253,25.187155,66.70282,2.6323807,-1.1660494,-10.607051
502,-2.0838418006896973,1.6915510892868042,78.24359893798828,-1.6643245633106765,-3.6377343955949097,-88.3395117857042,9.103674,11.373223,14.590356,11.766418,-14.922239,-9.678679,7.3027396,-1.9839829,-2.2117505,7.968004,-10.601574,5.068536,-2.3834627,1.7715148,5.856593,11.188931,13.202196,-21.996525,67.36731,-8.355884,0.39943987,8.240797,6.3611207,-10.103953,25.466204,66.84865,2.4541693,-0.96525884,-10.571055
503,-2.103647470474243,1.731234073638916,78.25465393066406,-1.6098099485946167,-3.688450856988032,-88.34057623594478,9.264049,11.281386,14.617161,11.462431,-14.720455,-9.642083,7.2947516,-2.0360827,-2.227361,8.040739,-10.624721,5.033304,-2.4419825,1.7550516,6.0060425,10.948643,13.185315,-22.126682,67.3559,-8.469492,0.40467155,8.2384405,6.2890472,-10.103565,25.787802,66.98216,2.2534711,-0.7716183,-10.537635
504,-2.1199254989624023,1.7627309560775757,78.26356506347656,-1.554883726392527,-3.7295652006987328,-88.3359546877054,9.408121,11.186735,14.633474,11.166448,-14.525679,-9.607707,7.2821074,-2.0917125,-2.2432613,8.104853,-10.644826,5.0103326,-2.5054553,1.7393138,6.147485,10.704729,13.174586,-22.286827,67.33436,-8.535668,0.3929677,8.239521,6.2236986,-10.11076,26.09059,67.0867,2.0686405,-0.6396953,-10.518036
505,-2.1327309608459473,1.7953531742095947,78.27346801757812,-1.498618217726202,-3.7560819532344842,-88.32237796752821,9.531481,11.085232,14.63539,10.874176,-14.333312,-9.575508,7.261339,-2.1540933,-2.259677,8.157523,-10.661475,5.00433,-2.6044717,1.7219803,6.259083,10.4806385,13.1621895,-22.485247,67.29847,-8.556545,0.3550274,8.253849,6.1620016,-10.132838,26.443224,67.174545,1.9452062,-0.58970785,-10.524122
506,-2.1423232555389404,1.829470157623291,78.28778839111328,-1.4395872936377596,-3.7745407965192803,-88.30434992485388,9.641482,10.977185,14.628089,10.587538,-14.144457,-9.54011,7.23645,-2.2222054,-2.2747743,8.203439,-10.676491,5.0088468,-2.7043355,1.7010211,6.3660727,10.246585,13.157849,-22.72004,67.25278,-8.523773,0.30792227,8.26873,6.100449,-10.159855,26.776024,67.23375,1.8096464,-0.59193647,-10.535685
507,-2.14729380607605,1.86867094039917,78.29745483398438,-1.3849062044052995,-3.7892829093651024,-88.28439149827744,9.744313,10.87164,14.616161,10.307641,-13.96504,-9.505635,7.2105074,-2.2885454,-2.2905123,8.244013,-10.689351,5.01824,-2.813681,1.6855224,6.4657946,10.017078,13.157554,-22.977055,67.20193,-8.478034,0.25613135,8.287255,6.0428147,-10.196239,27.11197,67.267784,1.6901294,-0.62050617,-10.562978
508,-2.141721487045288,1.9062695503234863,78.30409240722656,-1.34070420828771,-3.8055281094558313,-88.26555734389612,9.847208,10.777324,14.6043215,10.035363,-13.801287,-9.475984,7.189135,-2.3456705,-2.3086243,8.277449,-10.697649,5.026896,-2.9274058,1.6895683,6.569907,9.7939005,13.158059,-23.237541,67.1468,-8.445729,0.20502074,8.306223,6.004714,-10.262437,27.438448,67.25261,1.5961608,-0.6493292,-10.605663
509,-2.136359453201294,1.9470337629318237,78.30887603759766,-1.3104670917449792,-3.8259559751557,-88.24632339824346,9.952363,10.698331,14.590309,9.771403,-13.656945,-9.453434,7.1751356,-2.3907037,-2.3330142,8.304045,-10.701205,5.035028,-3.0402234,1.7082394,6.683801,9.558435,13.159538,-23.494745,67.104004,-8.408681,0.15888771,8.325655,5.949846,-10.313831,27.717539,67.232025,1.5009794,-0.6824996,-10.67671
510,-2.1286303997039795,1.9844188690185547,78.31488800048828,-1.2901229515181807,-3.8473293727739604,-88.22597179554121,10.0567,10.629067,14.572768,9.513316,-13.527362,-9.4349575,7.1648664,-2.42831,-2.3614087,8.323793,-10.700404,5.045155,-3.1598105,1.7414917,6.797916,9.320722,13.160854,-23.768232,67.06767,-8.371888,0.11106199,8.34862,5.901979,-10.377712,27.986824,67.177246,1.4249823,-0.7278876,-10.772364
511,-2.118675708770752,2.0142245292663574,78.31658935546875,-1.2753201148343176,-3.866446651947281,-88.20809024827251,10.155397,10.566512,14.557216,9.265911,-13.408897,-9.418544,7.155514,-2.4611835,-2.3872423,8.33709,-10.696332,5.0546727,-3.2735686,1.7930042,6.914384,9.085853,13.158677,-24.045088,67.02577,-8.345375,0.059046317,8.370896,5.8868213,-10.484542,28.239721,67.064865,1.3677626,-0.77542555,-10.865281
512,-2.102799415588379,2.0499942302703857,78.31783294677734,-1.2599821100449369,-3.88091376977807,-88.19623488188235,10.255016,10.503187,14.552107,9.011795,-13.288546,-9.399194,7.139117,-2.4941747,-2.4031236,8.354282,-10.694443,5.061415,-3.3790662,1.8446298,7.022424,8.858895,13.15269,-24.29502,66.98841,-8.332198,-0.0016969845,8.391795,5.8673544,-10.587803,28.479483,66.97183,1.3212364,-0.82070553,-10.943813
513,-2.0897018909454346,2.0816845893859863,78.3206558227539,-1.2453381821878204,-3.8882552777283075,-88.19145892794482,10.340074,10.442632,14.555652,8.7778225,-13.177419,-9.375495,7.1127625,-2.5265203,-2.4073906,8.37644,-10.69571,5.0629363,-3.4763656,1.8869709,7.110266,8.638182,13.148819,-24.524141,66.96904,-8.337799,-0.07530944,8.41282,5.8100195,-10.648586,28.719154,66.95661,1.29294,-0.8704599,-11.008994
514,-2.0720231533050537,2.113633155822754,78.32501983642578,-1.2321123612942615,-3.8904116331053213,-88.19201629613842,10.417353,10.3858595,14.566011,8.553351,-13.073829,-9.349267,7.0814166,-2.556347,-2.403711,8.397637,-10.696705,5.0612526,-3.5676837,1.9352025,7.1864505,8.42468,13.142931,-24.747414,66.95566,-8.362737,-0.1585416,8.434546,5.756523,-10.717566,28.961552,66.94537,1.291946,-0.92272466,-11.064494
515,-2.0576746463775635,2.1383469104766846,78.32684326171875,-1.2201415940536202,-3.8910538731945743,-88.19650184321078,10.499306,10.328666,14.583373,8.320828,-12.965391,-9.323912,7.048292,-2.5857902,-2.3938828,8.417879,-10.697114,5.0604477,-3.6538975,1.9860477,7.2610097,8.223806,13.133584,-24.93984,66.93532,-8.397331,-0.24440596,8.455504,5.715408,-10.794358,29.178068,66.92363,1.289922,-0.9681268,-11.114962
516,-2.0394396781921387,2.1683714389801025,78.33037567138672,-1.2051667622945097,-3.8940856709459433,-88.2039876632456,10.601178,10.2652235,14.609035,8.056449,-12.836331,-9.302692,7.0171103,-2.6168435,-2.3794703,8.4384575,-10.698017,5.0644217,-3.7348833,2.0383003,7.3417068,8.041149,13.116931,-25.079903,66.89662,-8.433416,-0.32581824,8.474879,5.6995573,-10.884329,29.343714,66.87339,1.263094,-0.9968381,-11.165278
517,-2.020209550857544,2.1962413787841797,78.33381652832031,-1.1969065011485642,-3.897185755015516,-88.2100165380149,10.621675,10.230704,14.621959,7.9722314,-12.796492,-9.291361,6.9920506,-2.6413512,-2.365153,8.444674,-10.692041,5.0745306,-3.8106327,2.080699,7.4187856,7.882486,13.107677,-25.149946,66.84016,-8.475392,-0.40657446,8.493907,5.6654215,-10.92182,29.439363,66.87139,1.1872479,-1.0140737,-11.227032
518,-1.998642086982727,2.2281556129455566,78.33406066894531,-1.1890928921802304,-3.8999219681222126,-88.21781296467007,10.610381,10.206188,14.634157,7.9605107,-12.791063,-9.286002,6.967939,-2.6648567,-2.34705,8.447511,-10.68497,5.0887046,-3.8818955,2.1216955,7.4929085,7.7453036,13.096862,-25.169846,66.76856,-8.529643,-0.4888886,8.51351,5.640588,-10.952101,29.49229,66.87179,1.0907617,-1.0204277,-11.29172
519,-1.981416940689087,2.2552847862243652,78.33468627929688,-1.178957943957391,-3.9026794596492276,-88.22854555869212,10.605562,10.179588,14.651006,7.9392443,-12.778637,-9.280045,6.9428587,-2.6888108,-2.3251004,8.451319,-10.676913,5.1034455,-3.953037,2.1618643,7.566764,7.6212597,13.081429,-25.158916,66.69099,-8.578547,-0.5615217,8.5317335,5.6266623,-10.982109,29.515953,66.86303,0.9883316,-1.0119992,-11.356434
520,-1.967574119567871,2.281595468521118,78.33499145507812,-1.1688084649367378,-3.9038941857214957,-88.24175094385481,10.593479,10.154498,14.667547,7.9308295,-12.77136,-9.267986,6.915663,-2.711946,-2.3010643,8.457364,-10.66675,5.114888,-4.022661,2.199202,7.637536,7.502456,13.065587,-25.14639,66.61593,-8.608148,-0.6119251,8.547065,5.612236,-11.003637,29.514257,66.860466,0.8879669,-0.9881406,-11.421114
521,-1.9531753063201904,2.303835391998291,78.33978271484375,-1.159453924733778,-3.9027231419641373,-88.2549884986908,10.573162,10.131526,14.681443,7.933542,-12.768797,-9.246477,6.884918,-2.7333555,-2.2767599,8.469058,-10.655805,5.121422,-4.095332,2.228934,7.7016916,7.4015102,13.058308,-25.133636,66.52925,-8.615348,-0.62908864,8.559017,5.598509,-11.009066,29.489586,66.86642,0.79436547,-0.9372604,-11.493328
522,-1.937922477722168,2.3330721855163574,78.34422302246094,-1.1482856594611994,-3.9005640481827983,-88.26940516792455,10.551739,10.10864,14.695812,7.9376297,-12.765727,-9.219177,6.853399,-2.7537606,-2.2508354,8.482163,-10.642933,5.1252236,-4.1584926,2.2593277,7.7685227,7.295488,13.045636,-25.107824,66.44827,-8.59769,-0.6230519,8.566637,5.593812,-11.008277,29.410082,66.86555,0.68625575,-0.8640083,-11.56563
523,-1.922774076461792,2.3596832752227783,78.34601593017578,-1.1376688621744917,-3.8973710631265277,-88.28933264729038,10.5310135,10.0843725,14.714692,7.9420156,-12.760441,-9.191105,6.8173833,-2.7743974,-2.220142,8.499616,-10.629607,5.1283875,-4.224823,2.284935,7.8270636,7.2108107,13.03843,-25.085073,66.36103,-8.586231,-0.6089921,8.575215,5.5870767,-11.001135,29.338663,66.874084,0.59810567,-0.79017556,-11.634757
524,-1.9113352298736572,2.3778698444366455,78.35003662109375,-1.1240596495381319,-3.894840472964565,-88.32012305425908,10.516567,10.057114,14.742804,7.9412136,-12.749132,-9.167387,6.7785864,-2.7963316,-2.1808374,8.517581,-10.613999,5.1332107,-4.2627935,2.3097994,7.887122,7.098264,13.027433,-25.08337,66.31309,-8.576278,-0.60518026,8.580441,5.568174,-10.978352,29.23423,66.902374,0.5017931,-0.74110454,-11.682573
525,-1.8908543586730957,2.396739959716797,78.35779571533203,-1.1095932702539268,-3.8933086214066606,-88.36620469172891,10.513858,10.02396,14.784029,7.9282517,-12.725196,-9.15026,6.734251,-2.8203793,-2.1287758,8.539003,-10.595363,5.141325,-4.291802,2.3303068,7.9386916,6.99284,13.018148,-25.103096,66.282745,-8.598556,-0.61872035,8.590326,5.532467,-10.941171,29.147879,66.959656,0.4339677,-0.7242923,-11.707736
526,-1.874014973640442,2.423405885696411,78.36078643798828,-1.0915585135452706,-3.892056902917287,-88.42408589147405,10.514813,9.987389,14.834405,7.916182,-12.697122,-9.136781,6.685269,-2.8459573,-2.066704,8.563578,-10.574381,5.1513033,-4.3223658,2.347495,7.990013,6.904422,13.015093,-25.119297,66.24894,-8.632752,-0.63904095,8.5986805,5.49039,-10.906474,29.075895,67.01973,0.38824517,-0.72552556,-11.712758
527,-1.860108733177185,2.447213888168335,78.3624496459961,-1.073769327186003,-3.8890779294572617,-88.48507751860878,10.517254,9.951314,14.888181,7.899664,-12.667352,-9.124065,6.633705,-2.8706193,-2.003291,8.588334,-10.553758,5.1603894,-4.35447,2.3655384,8.039329,6.8213463,13.016015,-25.143202,66.2203,-8.66188,-0.65536577,8.603526,5.448201,-10.87817,29.01888,67.07381,0.35568827,-0.73347336,-11.7139635
528,-1.8426735401153564,2.4727044105529785,78.3647689819336,-1.0605802353763014,-3.882307592191026,-88.53994014897344,10.513216,9.921809,14.9383745,7.88495,-12.644572,-9.109382,6.5822144,-2.8908627,-1.9476042,8.608885,-10.535455,5.165765,-4.366616,2.3797774,8.076286,6.718523,13.024044,-25.209133,66.22258,-8.67192,-0.6563382,8.605864,5.3938375,-10.816741,28.949356,67.15816,0.3143018,-0.7403812,-11.734445
529,-1.8247263431549072,2.497035503387451,78.36747741699219,-1.0542636118869704,-3.869438628362309,-88.58463611428435,10.496324,9.9018545,14.981687,7.87959,-12.63487,-9.092434,6.529507,-2.905669,-1.9034821,8.6262665,-10.522986,5.1638856,-4.3934245,2.3973978,8.10548,6.6196623,13.038255,-25.288845,66.23307,-8.652463,-0.6367729,8.595986,5.3392873,-10.759935,28.918562,67.23716,0.28794938,-0.742625,-11.78124
530,-1.8126740455627441,2.521918535232544,78.36602020263672,-1.0502248630849997,-3.8524600603389483,-88.62460453507234,10.475448,9.887057,15.02284,7.8717747,-12.6290655,-9.074496,6.4752245,-2.9166992,-1.8656709,8.642528,-10.51492,5.157152,-4.416958,2.413014,8.125804,6.5180097,13.062964,-25.395107,66.25777,-8.617955,-0.6029453,8.577661,5.277774,-10.690294,28.900866,67.32964,0.26975107,-0.747157,-11.844743
531,-1.8020110130310059,2.541121482849121,78.36734008789062,-1.0489198240038822,-3.834349855168484,-88.66496849629115,10.450505,9.876567,15.064021,7.869022,-12.628476,-9.055309,6.421635,-2.924981,-1.8295745,8.65359,-10.503911,5.151945,-4.4371147,2.4252808,8.1439495,6.4213877,13.0981,-25.509201,66.28195,-8.568082,-0.5613551,8.562594,5.2084084,-10.611163,28.888792,67.42551,0.24852194,-0.7493839,-11.906615
532,-1.7855921983718872,2.5620076656341553,78.37307739257812,-1.0495972911011784,-3.8181845851597216,-88.71101234560416,10.427554,9.86726,15.108792,7.8671994,-12.629283,-9.034272,6.369638,-2.931886,-1.7901338,8.660161,-10.486477,5.15468,-4.46021,2.4448125,8.170177,6.3313193,13.124513,-25.603937,66.29921,-8.497474,-0.5204135,8.56349,5.1494813,-10.560164,28.883038,67.48033,0.21914555,-0.74183565,-11.943327
533,-1.7718759775161743,2.589564085006714,78.37298583984375,-1.0504856615605784,-3.8026087931892953,-88.76506062086807,10.405864,9.859867,15.158475,7.8644614,-12.632058,-9.0093355,6.316832,-2.9364703,-1.7468386,8.660742,-10.45984,5.1707478,-4.4604006,2.4538076,8.19449,6.243554,13.171145,-25.717236,66.30883,-8.409087,-0.47442314,8.589588,5.073456,-10.478548,28.852484,67.546844,0.16662872,-0.72434056,-11.951352
534,-1.754388451576233,2.611835241317749,78.37720489501953,-1.0547534878680633,-3.7865702553291216,-88.82395908705563,10.380918,9.856326,15.210704,7.86706,-12.640211,-8.981436,6.2656765,-2.9383397,-1.7021732,8.651606,-10.424819,5.195629,-4.462154,2.466553,8.221517,6.160547,13.215522,-25.822939,66.31553,-8.292731,-0.4234841,8.632256,4.997498,-10.409916,28.828602,67.590065,0.10708262,-0.6966349,-11.936512
535,-1.7430305480957031,2.637037515640259,78.37812042236328,-1.0588162446186022,-3.7743725195468305,-88.88486261497036,10.36413,9.851222,15.2651,7.8624506,-12.643785,-8.954482,6.216561,-2.9406564,-1.6552314,8.645259,-10.389622,5.220466,-4.4574537,2.476375,8.253487,6.084841,13.263886,-25.919312,66.31681,-8.177451,-0.3751279,8.67749,4.9210825,-10.339745,28.801956,67.626854,0.037376467,-0.6696374,-11.919005
536,-1.7262455224990845,2.663505792617798,78.38184356689453,-1.0598799370140892,-3.769935964154292,-88.94484370487379,10.354332,9.843307,15.318799,7.8630934,-12.645365,-8.932626,6.1718516,-2.9454,-1.6056354,8.649384,-10.360309,5.236274,-4.4589815,2.4926708,8.296823,6.0149317,13.291582,-25.977385,66.32256,-8.078976,-0.3400599,8.713616,4.860373,-10.300267,28.787378,67.63688,-0.03562124,-0.65018106,-11.913302
537,-1.703298807144165,2.693559169769287,78.38938903808594,-1.0589584428844212,-3.7750785882793605,-89.00748554384568,10.360117,9.828921,15.376186,7.857893,-12.636557,-8.918083,6.1284595,-2.9540842,-1.5483787,8.672296,-10.338655,5.2377677,-4.4460416,2.5001032,8.350591,5.956579,13.32394,-26.012627,66.32242,-8.01712,-0.32123157,8.734575,4.7997775,-10.249917,28.764019,67.65556,-0.13556549,-0.64600927,-11.930918
538,-1.683925986289978,2.719515562057495,78.39510345458984,-1.0553094748004401,-3.7875228595638246,-89.07277260164425,10.376507,9.810425,15.436538,7.8499417,-12.621391,-8.908328,6.087603,-2.9653099,-1.4853975,8.705185,-10.320271,5.2307005,-4.4295144,2.4976187,8.411855,5.9136314,13.361826,-26.018967,66.31455,-7.973215,-0.31319144,8.747645,4.727213,-10.183972,28.743856,67.69105,-0.255035,-0.6517361,-11.962959
539,-1.6643006801605225,2.7443528175354004,78.39640045166016,-1.0530408151881452,-3.804824235087273,-89.13273974592482,10.398253,9.790854,15.492282,7.8413033,-12.605409,-8.900035,6.0536556,-2.977459,-1.4263039,8.7401705,-10.305688,5.222624,-4.418458,2.5004182,8.478322,5.8719835,13.3842945,-26.004354,66.312546,-7.9330354,-0.30990052,8.759527,4.668056,-10.140678,28.729107,67.704124,-0.3618495,-0.6586259,-11.997794
540,-1.6488571166992188,2.7593841552734375,78.39616394042969,-1.0503120633371503,-3.82482758138464,-89.17910846831629,10.417365,9.774239,15.534905,7.839614,-12.596593,-8.890022,6.0325427,-2.989154,-1.3809468,8.766236,-10.294362,5.2209444,-4.4147887,2.5021045,8.543346,5.8300214,13.402918,-25.98333,66.31401,-7.887169,-0.30231836,8.774785,4.6171103,-10.102141,28.713028,67.707535,-0.43166834,-0.6622369,-12.031758
541,-1.635667085647583,2.778555154800415,78.39508819580078,-1.0519017465647391,-3.8480673245594152,-89.20823861632633,10.437431,9.761358,15.562573,7.838053,-12.593841,-8.878768,6.028947,-2.9992952,-1.3532968,8.777885,-10.28654,5.2286325,-4.421589,2.4981408,8.605575,5.794981,13.423736,-25.945982,66.31192,-7.827508,-0.28402376,8.792216,4.5640874,-10.056391,28.692472,67.715416,-0.4535001,-0.662423,-12.067259
542,-1.6165385246276855,2.796312093734741,78.39544677734375,-1.0542589523797816,-3.8753609397828157,-89.22498071809201,10.459213,9.750822,15.579109,7.8391733,-12.595989,-8.867514,6.038413,-3.0087357,-1.337671,8.782294,-10.282581,5.241354,-4.4335923,2.4926994,8.668574,5.76308,13.441184,-25.893635,66.31044,-7.7628307,-0.26133984,8.810243,4.5209765,-10.015799,28.66952,67.70956,-0.44105038,-0.6605805,-12.105266
543,-1.601777195930481,2.8093998432159424,78.39689636230469,-1.0560721124364185,-3.9050396825023035,-89.23390818727545,10.481384,9.738934,15.5874405,7.8408785,-12.59832,-8.854137,6.0541434,-3.020114,-1.3293117,8.785937,-10.281439,5.255625,-4.450306,2.4837697,8.731202,5.7327456,13.458824,-25.842352,66.30927,-7.7034755,-0.24187185,8.830894,4.477164,-9.974482,28.649076,67.70894,-0.4133558,-0.6606628,-12.142368
544,-1.585273265838623,2.8284659385681152,78.39633178710938,-1.0550311814237876,-3.935423832810715,-89.23927763334954,10.4999075,9.723945,15.589964,7.848686,-12.600752,-8.836669,6.0690875,-3.034715,-1.3236426,8.794309,-10.28077,5.2676916,-4.4708185,2.470291,8.79224,5.702804,13.480388,-25.81066,66.30764,-7.6618934,-0.23344707,8.857047,4.4248214,-9.927299,28.634676,67.72414,-0.39014682,-0.6619424,-12.174928
545,-1.5665839910507202,2.8486900329589844,78.39720916748047,-1.0500236480274698,-3.966557201635291,-89.24038994626157,10.515698,9.702325,15.584078,7.858287,-12.598999,-8.812708,6.0837955,-3.0552044,-1.3218291,8.806562,-10.279375,5.278085,-4.490663,2.4567602,8.853179,5.6620812,13.498538,-25.810772,66.31456,-7.6495605,-0.24221072,8.89451,4.383306,-9.893642,28.628647,67.72953,-0.3643547,-0.66339886,-12.197773
546,-1.5479077100753784,2.870150327682495,78.40100860595703,-1.0423934001430546,-3.999189173299295,-89.23540138825291,10.531855,9.675977,15.569965,7.8655815,-12.592884,-8.7839775,6.0993834,-3.0799417,-1.3253845,8.824558,-10.280886,5.288146,-4.510808,2.4361722,8.912053,5.624739,13.526637,-25.832357,66.31513,-7.659669,-0.2604825,8.938525,4.329238,-9.848544,28.625158,67.75959,-0.3328136,-0.66931236,-12.215691
547,-1.5336002111434937,2.883497714996338,78.40415954589844,-1.0343685570715064,-4.032436969734958,-89.22785400742006,10.545679,9.649777,15.553393,7.8793125,-12.590388,-8.754278,6.1165266,-3.1052275,-1.330547,8.843141,-10.282215,5.296092,-4.5305614,2.4140587,8.970694,5.5869446,13.557085,-25.868668,66.31562,-7.6737156,-0.28277728,8.981158,4.279866,-9.806385,28.617752,67.78793,-0.30906442,-0.67558676,-12.232656
548,-1.519212007522583,2.8981435298919678,78.40560913085938,-1.0289205196759539,-4.065671246028393,-89.22131674267304,10.561243,9.626688,15.541632,7.8929806,-12.590555,-8.727373,6.13303,-3.1276286,-1.3329918,8.864324,-10.284254,5.300136,-4.549341,2.3950696,9.029235,5.552053,13.586864,-25.913174,66.31409,-7.6734815,-0.3016735,9.013527,4.2348266,-9.769022,28.59661,67.81554,-0.30933324,-0.6830168,-12.251967
549,-1.501438021659851,2.914376735687256,78.40596771240234,-1.0242311254883332,-4.099306116418037,-89.21753057116248,10.582047,9.607518,15.539207,7.902636,-12.593088,-8.703464,6.1480913,-3.1453915,-1.3296213,8.888787,-10.285629,5.2969604,-4.568595,2.3813808,9.088798,5.5195146,13.613364,-25.967302,66.31325,-7.65827,-0.3180209,9.031978,4.194626,-9.737679,28.555246,67.8431,-0.3511924,-0.69213414,-12.276019
550,-1.4864659309387207,2.9323699474334717,78.40435791015625,-1.0240417561929238,-4.133511486723934,-89.21424128391914,10.605796,9.59023,15.541629,7.9103465,-12.596868,-8.680778,6.161688,-3.160817,-1.3231658,8.919242,-10.288698,5.2884345,-4.5861216,2.369845,9.148388,5.486882,13.638729,-26.035543,66.31456,-7.6367025,-0.334724,9.041966,4.157651,-9.709138,28.497076,67.874016,-0.42311054,-0.7031165,-12.30257
551,-1.4696255922317505,2.940920352935791,78.40824127197266,-1.0222824062250588,-4.16720638325674,-89.20927873032089,10.6274185,9.574349,15.542189,7.9225154,-12.6041,-8.660315,6.177585,-3.175807,-1.3189994,8.946079,-10.291312,5.2805686,-4.587295,2.354551,9.204241,5.4525685,13.675137,-26.12857,66.31156,-7.61007,-0.3468333,9.047352,4.122403,-9.669467,28.417244,67.91307,-0.50023836,-0.71574867,-12.329525
552,-1.4530706405639648,2.9500229358673096,78.41075897216797,-1.0201707908108177,-4.199441806427651,-89.20048642998961,10.64943,9.556397,15.535823,7.929793,-12.608497,-8.642701,6.196559,-3.1933477,-1.3217701,8.967895,-10.295548,5.2795177,-4.5888085,2.3328986,9.255467,5.4277005,13.71869,-26.215784,66.29622,-7.5658216,-0.35152724,9.052726,4.0805635,-9.62436,28.351454,67.96013,-0.54443467,-0.72791016,-12.353834
553,-1.4349682331085205,2.958914041519165,78.4109115600586,-1.016098231249579,-4.231015806425362,-89.1851375939964,10.6722145,9.535082,15.517419,7.931129,-12.608587,-8.628833,6.22354,-3.2147703,-1.335954,8.978387,-10.300754,5.2890787,-4.620091,2.3173943,9.305225,5.411203,13.738111,-26.261927,66.281334,-7.4806533,-0.35169888,9.058659,4.0387716,-9.606464,28.33424,67.99003,-0.5287634,-0.73351127,-12.369715
554,-1.4222385883331299,2.9676084518432617,78.40928649902344,-1.0106794247495297,-4.262091477628083,-89.16655390677965,10.694251,9.511816,15.492431,7.9323387,-12.608515,-8.618149,6.253772,-3.2388148,-1.35629,8.985897,-10.309323,5.305223,-4.627107,2.298554,9.348102,5.3930645,13.769168,-26.34289,66.2564,-7.3920007,-0.34231347,9.062971,3.9991596,-9.579712,28.298456,68.02985,-0.48941883,-0.7420025,-12.382233
555,-1.4090851545333862,2.9744064807891846,78.40776062011719,-1.006393340438342,-4.290644935929068,-89.14694284792597,10.7138,9.489924,15.466452,7.9341216,-12.6094055,-8.609083,6.2842493,-3.2622252,-1.3787128,8.98803,-10.315433,5.3225117,-4.642145,2.2797413,9.388281,5.3803596,13.79516,-26.405098,66.23104,-7.2876134,-0.32986367,9.068816,3.9598558,-9.559207,28.280218,68.065414,-0.44094187,-0.7495997,-12.394148
556,-1.3941690921783447,2.980541706085205,78.40705871582031,-1.0033653367411115,-4.3146331287121225,-89.13073963464663,10.731498,9.471566,15.447542,7.9330397,-12.610585,-8.600094,6.3083467,-3.2821417,-1.3967464,8.992553,-10.319815,5.3353777,-4.657517,2.263076,9.4243765,5.3682694,13.815214,-26.450739,66.21232,-7.1817985,-0.31538162,9.080388,3.923336,-9.544598,28.273905,68.098076,-0.40705267,-0.7596725,-12.409391
557,-1.3814200162887573,2.992863893508911,78.4073486328125,-1.0024601512941984,-4.331359262528228,-89.11980541840265,10.741666,9.459549,15.43913,7.936436,-12.615776,-8.5918,6.3209934,-3.2968936,-1.408193,9.000753,-10.320979,5.340902,-4.660761,2.2518125,9.45201,5.3557844,13.830041,-26.495737,66.19915,-7.082648,-0.29449588,9.104076,3.8897703,-9.5342865,28.270956,68.136246,-0.3935903,-0.77632064,-12.430146
558,-1.3704603910446167,2.9988157749176025,78.40727233886719,-1.0037941550893712,-4.3429300926564585,-89.1115686601569,10.74826,9.451448,15.43678,7.9380856,-12.621137,-8.584743,6.3266773,-3.3083336,-1.4166653,9.010042,-10.320008,5.3425303,-4.660288,2.242662,9.474638,5.3411574,13.8395195,-26.529507,66.19376,-6.978218,-0.26938552,9.134651,3.8594635,-9.528063,28.275497,68.1728,-0.39051864,-0.79550976,-12.453859
559,-1.3559573888778687,2.9971764087677,78.40632629394531,-1.007110125323986,-4.3531813148101115,-89.10455367768017,10.75566,9.443807,15.436327,7.938414,-12.628045,-8.576984,6.33197,-3.3189225,-1.4233847,9.018184,-10.317842,5.3443446,-4.654869,2.2332873,9.493068,5.32814,13.84823,-26.563272,66.189064,-6.878897,-0.24315603,9.1657505,3.8325388,-9.522648,28.281881,68.20936,-0.39436457,-0.81660634,-12.478636
560,-1.3416519165039062,3.000483512878418,78.40492248535156,-1.008104752330259,-4.366094124089782,-89.09789245334858,10.766728,9.43368,15.433587,7.938942,-12.637508,-8.566802,6.341722,-3.3313653,-1.4292068,9.026648,-10.317988,5.3505187,-4.647939,2.2235432,9.5110035,5.3202157,13.858011,-26.59666,66.17831,-6.7885,-0.2191483,9.189937,3.8099642,-9.516763,28.284996,68.24189,-0.40434578,-0.8383729,-12.501416
561,-1.3278952836990356,3.0088486671447754,78.40501403808594,-1.0086656548682404,-4.38304747222079,-89.09188746605827,10.783397,9.420327,15.427524,7.9412394,-12.652588,-8.551496,6.3589735,-3.3459036,-1.4334116,9.031767,-10.317709,5.3626633,-4.6424446,2.2150948,9.530625,5.3152323,13.862841,-26.619217,66.16275,-6.697403,-0.19688979,9.203355,3.78903,-9.514518,28.289932,68.271935,-0.42667773,-0.8619767,-12.518906
562,-1.3099822998046875,3.0021252632141113,78.40338897705078,-1.0078400005626877,-4.401963434792786,-89.0864929083734,10.802997,9.40559,15.41994,7.9444513,-12.671106,-8.5328045,6.3794336,-3.3613012,-1.4361787,9.037817,-10.318922,5.378336,-4.630507,2.2065437,9.547548,5.3129153,13.87013,-26.649406,66.14335,-6.614016,-0.17523225,9.211666,3.770251,-9.512019,28.29748,68.303055,-0.45534503,-0.8874973,-12.534312
563,-1.2884114980697632,3.0054445266723633,78.40486145019531,-1.007288219475005,-4.421081278555019,-89.08181120340285,10.826224,9.389215,15.412924,7.9423084,-12.688021,-8.515392,6.402055,-3.3775342,-1.438309,9.041282,-10.320126,5.395805,-4.619511,2.1979265,9.562744,5.3171067,13.875453,-26.676508,66.119194,-6.547127,-0.15553167,9.218678,3.7582965,-9.511342,28.295994,68.32755,-0.48621333,-0.9128203,-12.551541
564,-1.2809284925460815,2.9995646476745605,78.40234375,-1.005666759194644,-4.439181172622172,-89.07622806071119,10.848759,9.37255,15.406502,7.9400177,-12.704094,-8.503756,6.424633,-3.394228,-1.44199,9.044439,-10.323571,5.413116,-4.6182795,2.1879091,9.579228,5.3277392,13.8789015,-26.68938,66.0946,-6.49468,-0.1415389,9.226574,3.7544482,-9.511635,28.274975,68.33654,-0.51796764,-0.9342006,-12.572741
565,-1.2705528736114502,2.9941978454589844,78.4001693725586,-1.0028316969231796,-4.456954017025592,-89.06946314153872,10.874503,9.354351,15.401555,7.929971,-12.715221,-8.501888,6.4488873,-3.4117522,-1.448501,9.045343,-10.32948,5.4308968,-4.6133223,2.1770928,9.60131,5.3398285,13.883808,-26.6961,66.067795,-6.4692955,-0.13411333,9.23467,3.7688098,-9.513171,28.193815,68.31535,-0.57137364,-0.9495977,-12.593675
566,-1.2549467086791992,2.990994930267334,78.39911651611328,-1.0001263738042467,-4.4748693021990595,-89.06252335155509,10.905678,9.334213,15.39842,7.9099407,-12.721344,-8.506428,6.474974,-3.4301507,-1.4560665,9.044627,-10.337475,5.4497695,-4.609828,2.164602,9.626092,5.3524585,13.88642,-26.692429,66.04331,-6.464301,-0.1319924,9.242116,3.7957523,-9.5156555,28.080145,68.27343,-0.63868856,-0.9608269,-12.61594
567,-1.2370524406433105,2.9912607669830322,78.3974380493164,-0.9974374591528258,-4.491083335968449,-89.05534770958748,10.932691,9.314977,15.394817,7.8955264,-12.729399,-8.511085,6.499761,-3.4483309,-1.4634277,9.043446,-10.345223,5.4678583,-4.5962424,2.1544764,9.652516,5.357244,13.887295,-26.698288,66.02243,-6.461749,-0.13227646,9.24874,3.8314922,-9.520195,27.93677,68.22393,-0.7048374,-0.9730417,-12.641026
568,-1.2247064113616943,2.9871673583984375,78.39501190185547,-0.993704137252408,-4.504401957705952,-89.04890222426324,10.95532,9.297174,15.390988,7.88352,-12.737054,-8.509386,6.5190735,-3.4650264,-1.4684365,9.045346,-10.351907,5.4831095,-4.5881934,2.1465302,9.675432,5.364894,13.886032,-26.712227,65.99897,-6.4474473,-0.13223505,9.256685,3.859964,-9.525719,27.816774,68.192024,-0.7355574,-0.99028814,-12.676736
569,-1.2142447233200073,2.9813079833984375,78.39360809326172,-0.9922451575484568,-4.5134358812933515,-89.04223207447885,10.968193,9.282412,15.384983,7.88283,-12.749177,-8.497605,6.532661,-3.4796958,-1.4710224,9.047805,-10.354632,5.4954863,-4.5946474,2.1385894,9.694344,5.3805084,13.884239,-26.72501,65.968735,-6.411784,-0.12986301,9.266847,3.875566,-9.52998,27.734133,68.18624,-0.7109186,-1.0186901,-12.730857
570,-1.2039905786514282,2.9824748039245605,78.38873291015625,-0.9907804514324814,-4.519547158161467,-89.03515357594775,10.975464,9.269321,15.377627,7.886597,-12.762247,-8.4798,6.5420594,-3.4932263,-1.4722972,9.05175,-10.355744,5.5059223,-4.5894165,2.13513,9.71436,5.386595,13.880976,-26.75705,65.93936,-6.3661776,-0.12649828,9.277784,3.894692,-9.537023,27.63242,68.18516,-0.66390574,-1.0551215,-12.794169
571,-1.1888985633850098,2.976292848587036,78.3906478881836,-0.9892948972598341,-4.52415087153933,-89.03001820556946,10.983144,9.256443,15.372407,7.8875575,-12.772188,-8.4615135,6.5479417,-3.5057693,-1.4712315,9.058328,-10.357774,5.5138373,-4.596603,2.1297674,9.730901,5.402803,13.878152,-26.782665,65.90551,-6.316513,-0.12611848,9.287084,3.9049184,-9.542683,27.561504,68.19699,-0.6027043,-1.0874232,-12.8601
572,-1.1762621402740479,2.974695920944214,78.39128875732422,-0.9875943982332682,-4.528708432739276,-89.02853171314598,10.991877,9.243582,15.371044,7.88815,-12.779111,-8.448313,6.553319,-3.5182157,-1.4675623,9.065538,-10.361986,5.518887,-4.6003504,2.1250725,9.746296,5.4199595,13.874505,-26.812584,65.87261,-6.267765,-0.13162993,9.291095,3.9097323,-9.550644,27.499554,68.21384,-0.5636615,-1.1050233,-12.913812
573,-1.1655722856521606,2.9708807468414307,78.3927230834961,-0.9855385655244269,-4.533787367904465,-89.03403485528248,11.005176,9.231137,15.3775215,7.8851676,-12.77988,-8.443368,6.5560284,-3.5289326,-1.4577978,9.076833,-10.370629,5.5174417,-4.6072326,2.115284,9.759583,5.4401064,13.872996,-26.832272,65.84191,-6.215959,-0.14733608,9.287187,3.9068227,-9.554508,27.471107,68.23715,-0.5508049,-1.1000776,-12.956532
574,-1.1502480506896973,2.9717373847961426,78.39231872558594,-0.9827451162888949,-4.5385866909225205,-89.04357226820211,11.021562,9.21803,15.388713,7.8773437,-12.774218,-8.442924,6.555519,-3.5394318,-1.4442117,9.092978,-10.383204,5.5111575,-4.599484,2.1100914,9.771407,5.4604125,13.870556,-26.872353,65.80771,-6.164535,-0.16990386,9.2799015,3.9002752,-9.563066,27.433651,68.267876,-0.5600737,-1.0810807,-12.988937
575,-1.1352707147598267,2.968374729156494,78.39203643798828,-0.9812083793993053,-4.542414007477447,-89.05407889130153,11.036632,9.204881,15.400754,7.8709764,-12.769839,-8.442873,6.555956,-3.5500927,-1.430648,9.10483,-10.3936205,5.50651,-4.575318,2.1098425,9.782064,5.465884,13.865695,-26.939222,65.786224,-6.1253147,-0.19263624,9.270426,3.9135697,-9.5830765,27.386482,68.27722,-0.5787773,-1.057004,-13.011306
576,-1.1273552179336548,2.958900213241577,78.39433288574219,-0.9766875548554235,-4.545075384916123,-89.06237509513409,11.050717,9.1896,15.410318,7.862012,-12.768754,-8.438854,6.5568495,-3.5633454,-1.4208969,9.113876,-10.401465,5.5102983,-4.580109,2.102499,9.79345,5.4864926,13.862667,-26.974043,65.76079,-6.0862722,-0.20791472,9.25782,3.9064372,-9.595952,27.36979,68.30486,-0.5920893,-1.0396516,-13.028515
577,-1.11253023147583,2.955084800720215,78.39449310302734,-0.9717552179383839,-4.545263779599963,-89.06677971537451,11.060371,9.170485,15.414932,7.853649,-12.774796,-8.427581,6.5605655,-3.5813203,-1.4170394,9.113263,-10.40263,5.527785,-4.5893865,2.0931106,9.804658,5.50339,13.859655,-27.011724,65.743645,-6.0723143,-0.21641938,9.243128,3.9054375,-9.609058,27.35142,68.32359,-0.6089268,-1.0305669,-13.033674
578,-1.100354790687561,2.949104070663452,78.39519500732422,-0.9643731246779141,-4.543769855358405,-89.06920829157067,11.067797,9.149062,15.416769,7.843945,-12.78439,-8.412098,6.5650735,-3.6020174,-1.4168717,9.107781,-10.4003,5.554187,-4.5900645,2.0873477,9.815958,5.508545,13.853771,-27.068777,65.73862,-6.080032,-0.22137715,9.226493,3.9202194,-9.63412,27.320522,68.32346,-0.6339992,-1.0242995,-13.02578
579,-1.0893874168395996,2.943291187286377,78.39262390136719,-0.9594935417419481,-4.542229763519422,-89.07247055318274,11.075633,9.12837,15.420162,7.8342366,-12.794899,-8.397594,6.569689,-3.6221683,-1.4166265,9.10229,-10.397698,5.581232,-4.6011534,2.0784209,9.82778,5.518382,13.849091,-27.111513,65.734314,-6.073302,-0.21869121,9.208458,3.9260361,-9.652726,27.304367,68.332184,-0.65739185,-1.019329,-13.017071
580,-1.0780500173568726,2.9397571086883545,78.3900375366211,-0.9557843036716512,-4.5413991168343255,-89.07978874173726,11.083503,9.114596,15.429123,7.8307757,-12.806232,-8.389658,6.5738583,-3.6361847,-1.4126675,9.097937,-10.3953705,5.600279,-4.6232495,2.062924,9.84273,5.5291123,13.848486,-27.121899,65.7339,-6.0204453,-0.20574032,9.189513,3.9195611,-9.655129,27.304638,68.35336,-0.67690325,-1.0148695,-13.016743
581,-1.0706825256347656,2.9290807247161865,78.38937377929688,-0.9560638021427887,-4.545856312295405,-89.09108880029915,11.105354,9.105528,15.446745,7.8159404,-12.808504,-8.39179,6.5801706,-3.644472,-1.4049795,9.101567,-10.398554,5.607743,-4.622641,2.070233,9.853317,5.547796,13.841878,-27.185389,65.72147,-5.9300094,-0.1685089,9.177793,3.914727,-9.6793585,27.305029,68.38428,-0.67516184,-1.0117842,-13.016525
582,-1.060413122177124,2.9295620918273926,78.38743591308594,-0.9592662751759001,-4.551829708017085,-89.10613599563858,11.129323,9.102411,15.470366,7.804606,-12.810807,-8.400807,6.587599,-3.6470284,-1.3943553,9.105999,-10.402488,5.6080155,-4.6268606,2.0724797,9.869726,5.560397,13.837358,-27.22208,65.71763,-5.7883096,-0.1172518,9.162321,3.9059148,-9.695134,27.316246,68.416916,-0.6732927,-1.0094851,-13.020259
583,-1.0496723651885986,2.919975519180298,78.38722229003906,-0.9632882060346937,-4.556394196536359,-89.12253539734058,11.152184,9.100635,15.495038,7.7934613,-12.812696,-8.409879,6.592311,-3.648431,-1.3820671,9.111689,-10.405998,5.607335,-4.6353617,2.0745971,9.884688,5.5735426,13.833468,-27.252584,65.71601,-5.6431828,-0.06675452,9.149287,3.8966813,-9.7080145,27.328613,68.44824,-0.6703636,-1.006846,-13.027477
584,-1.0412189960479736,2.9141499996185303,78.38558959960938,-0.9646208294874228,-4.55550300640205,-89.13896843339226,11.166805,9.096839,15.51644,7.787019,-12.817703,-8.412129,6.59309,-3.6515265,-1.3687139,9.112172,-10.404201,5.6115446,-4.638664,2.0867712,9.890338,5.583422,13.821041,-27.308575,65.72056,-5.5498524,-0.032842673,9.147709,3.9183786,-9.747141,27.32894,68.44253,-0.65892804,-1.0015317,-13.037492
585,-1.0316376686096191,2.9039509296417236,78.3866195678711,-0.9639651896688048,-4.54810086793615,-89.15449807789051,11.172139,9.088981,15.532483,7.7829814,-12.825547,-8.403961,6.5869045,-3.657928,-1.3542169,9.110599,-10.398075,5.6233783,-4.654243,2.0922787,9.893263,5.594181,13.811142,-27.347488,65.727066,-5.49275,-0.022378296,9.149544,3.9302652,-9.77769,27.309017,68.44067,-0.6679532,-0.99543184,-13.055911
586,-1.0199934244155884,2.8973283767700195,78.38860321044922,-0.9622511650376772,-4.5361411636048885,-89.17032186306153,11.171615,9.07947,15.545891,7.780339,-12.835046,-8.389629,6.57506,-3.6654882,-1.3381656,9.109303,-10.389928,5.6392355,-4.671695,2.0962436,9.890884,5.602769,13.8023615,-27.389782,65.738716,-5.4643645,-0.025612578,9.156818,3.9447913,-9.805859,27.27486,68.43469,-0.6853922,-0.9882102,-13.081999
587,-1.0139816999435425,2.889721393585205,78.38835906982422,-0.9592380446901326,-4.521920850688083,-89.18593573983664,11.168203,9.068797,15.5583935,7.7779365,-12.842973,-8.374041,6.5626063,-3.6741724,-1.3222601,9.104142,-10.378847,5.6558843,-4.696225,2.097404,9.88448,5.6204324,13.796277,-27.41984,65.744026,-5.4466705,-0.0341785,9.167972,3.9489224,-9.825491,27.236462,68.44344,-0.6988647,-0.9840206,-13.107564
588,-1.0044445991516113,2.8843119144439697,78.38775634765625,-0.9550237876216517,-4.507781176214361,-89.20159531130963,11.16674,9.057658,15.572622,7.772852,-12.8460865,-8.36217,6.5486755,-3.683394,-1.3069717,9.104061,-10.371113,5.6698394,-4.7275414,2.0906298,9.875027,5.643379,13.793355,-27.429296,65.747856,-5.4277864,-0.04047871,9.1823635,3.9529479,-9.83444,27.206493,68.4571,-0.6945449,-0.9818047,-13.128503
589,-0.9967398047447205,2.8728461265563965,78.39047241210938,-0.9508873127938006,-4.493768288549502,-89.21734131604387,11.166354,9.045642,15.589398,7.76619,-12.842436,-8.3555155,6.5349274,-3.694014,-1.2931795,9.105822,-10.365307,5.6806426,-4.738494,2.0927336,9.868505,5.663448,13.786859,-27.443022,65.742325,-5.400671,-0.042642083,9.20268,3.9733143,-9.851888,27.124392,68.45547,-0.69080293,-0.9854808,-13.126648
590,-0.9869878888130188,2.8610148429870605,78.39232635498047,-0.9454857895579879,-4.478990624965626,-89.23352407090027,11.165227,9.033072,15.607552,7.7604127,-12.835373,-8.351392,6.521075,-3.7057276,-1.2798226,9.107566,-10.359885,5.6899695,-4.7284865,2.1026306,9.864288,5.6627364,13.771292,-27.46754,65.7497,-5.377056,-0.046273947,9.228301,4.025104,-9.886291,26.998917,68.41715,-0.68639535,-0.991032,-13.109298
591,-0.9801238775253296,2.8511741161346436,78.39344787597656,-0.9411295969369449,-4.463741135790409,-89.24860023726328,11.164963,9.019885,15.6251,7.7510486,-12.825804,-8.348197,6.5056634,-3.717577,-1.2672372,9.112354,-10.356385,5.6978116,-4.7395024,2.1066344,9.855532,5.6814923,13.758289,-27.461033,65.74526,-5.356724,-0.049297974,9.253394,4.0568233,-9.909712,26.906052,68.40625,-0.6636314,-0.99916357,-13.095641
592,-0.9716784358024597,2.8433334827423096,78.3939208984375,-0.9366362586489837,-4.448542304014033,-89.26181418398576,11.163342,9.007805,15.63992,7.7437844,-12.820274,-8.344438,6.490902,-3.7281313,-1.2553648,9.11647,-10.353194,5.7041993,-4.750918,2.1103697,9.846018,5.6998606,13.746546,-27.445595,65.739845,-5.3483624,-0.05097924,9.270722,4.0815763,-9.928221,26.830887,68.4081,-0.6357557,-1.0075762,-13.091238
593,-0.9664121866226196,2.833383560180664,78.39073944091797,-0.9343070414760366,-4.433215810276604,-89.27278334586086,11.160429,8.996821,15.650618,7.7375784,-12.819705,-8.339513,6.4769974,-3.7369697,-1.2438244,9.119085,-10.350154,5.709071,-4.755494,2.1128213,9.836269,5.71001,13.736284,-27.421665,65.741165,-5.3596864,-0.052415665,9.275512,4.107427,-9.94349,26.769966,68.4146,-0.60191876,-1.0161345,-13.101318
594,-0.9570691585540771,2.8237881660461426,78.3907241821289,-0.9319699384965546,-4.41751829926554,-89.28197642525039,11.156673,8.985997,15.658471,7.73102,-12.821321,-8.334169,6.462093,-3.7450202,-1.232796,9.123421,-10.348691,5.7125087,-4.757938,2.1177115,9.826027,5.7199845,13.725159,-27.388014,65.74028,-5.3861485,-0.053006865,9.272472,4.130596,-9.958988,26.717592,68.42845,-0.56032294,-1.0270398,-13.117959
595,-0.9483926296234131,2.816261053085327,78.39107513427734,-0.9306616324631058,-4.4025236433878625,-89.28992942171608,11.153243,8.976532,15.665984,7.7250032,-12.824017,-8.329345,6.448903,-3.7519069,-1.222873,9.126389,-10.346851,5.714496,-4.7599206,2.1266263,9.819372,5.720879,13.706845,-27.347181,65.744675,-5.406576,-0.052637737,9.267804,4.1573453,-9.983895,26.670547,68.435555,-0.52171636,-1.0353675,-13.132993
596,-0.9385423064231873,2.8058290481567383,78.39224243164062,-0.9305542690080598,-4.389161471640825,-89.2970779327495,11.150816,8.969366,15.675387,7.7196007,-12.826066,-8.325926,6.4374576,-3.757177,-1.2148985,9.1301365,-10.345378,5.714907,-4.7653437,2.1346428,9.812626,5.721828,13.6918125,-27.312963,65.74518,-5.413444,-0.049040686,9.26885,4.178468,-10.003956,26.63964,68.45102,-0.4854346,-1.0396962,-13.143701
597,-0.9312666654586792,2.795300245285034,78.39228057861328,-0.931646229599262,-4.378288245765233,-89.30269994747796,11.15026,8.965257,15.688322,7.7146187,-12.826924,-8.324582,6.4293227,-3.76073,-1.2100006,9.134114,-10.344711,5.7120476,-4.771611,2.1432312,9.80988,5.716743,13.675009,-27.2788,65.7445,-5.3903093,-0.0386536,9.277234,4.197299,-10.026594,26.61878,68.466385,-0.4541488,-1.036601,-13.144599
598,-0.9239649176597595,2.7825021743774414,78.39332580566406,-0.9337643271140604,-4.369032842654056,-89.30685317878634,11.149909,8.963613,15.70306,7.7121115,-12.828668,-8.324692,6.422565,-3.7629268,-1.207382,9.140138,-10.345744,5.7064934,-4.772032,2.1466117,9.804065,5.7125225,13.6686325,-27.25992,65.73725,-5.3618746,-0.021849649,9.290734,4.2096395,-10.035195,26.60908,68.49835,-0.420536,-1.0298878,-13.144423
599,-0.9164237380027771,2.777113914489746,78.39310455322266,-0.9379119867562208,-4.360395434334785,-89.3110015695125,11.150411,8.963033,15.71749,7.7086005,-12.829474,-8.325226,6.416915,-3.7637308,-1.2051178,9.144401,-10.344654,5.7017074,-4.778612,2.1525261,9.805168,5.702417,13.661107,-27.233273,65.729996,-5.3197455,-0.008271474,9.302679,4.216336,-10.0463505,26.600632,68.52986,-0.4048103,-1.022483,-13.1396475
600,-0.9095746278762817,2.7693402767181396,78.39435577392578,-0.9400467702677276,-4.3508631173901,-89.31671845035547,11.149705,8.962132,15.729068,7.706556,-12.830991,-8.325151,6.4105144,-3.7644863,-1.2012813,9.145559,-10.338534,5.7013626,-4.786885,2.1562319,9.802073,5.693219,13.658541,-27.22891,65.723976,-5.2983346,-0.004982486,9.315598,4.2190747,-10.051318,26.599285,68.57211,-0.40191513,-1.0183586,-13.142062
601,-0.8992995023727417,2.757517099380493,78.39523315429688,-0.9448901329803486,-4.3368870991104895,-89.32612123097788,11.146054,8.960645,15.737929,7.702076,-12.830301,-8.324774,6.398783,-3.7640553,-1.1934252,9.142992,-10.324139,5.7078056,-4.797313,2.1748967,9.797644,5.668241,13.645314,-27.252745,65.731,-5.2999725,-0.019170843,9.323931,4.221639,-10.082087,26.610384,68.612465,-0.4231384,-1.0228512,-13.139673
602,-0.892304539680481,2.748676300048828,78.39625549316406,-0.9500086669484283,-4.320794077491183,-89.33691982842943,11.138955,8.960106,15.743848,7.700353,-12.830328,-8.324518,6.3850017,-3.762263,-1.184251,9.136578,-10.303428,5.7186394,-4.803185,2.1937299,9.78694,5.638117,13.638016,-27.31258,65.74239,-5.3256645,-0.04471606,9.333752,4.2229614,-10.109467,26.630247,68.66399,-0.46482375,-1.0308329,-13.14168
603,-0.8853697180747986,2.7404890060424805,78.396484375,-0.9537245023361226,-4.307460318256562,-89.34786986964946,11.135893,8.958419,15.749498,7.6963344,-12.82966,-8.323314,6.3732114,-3.7613115,-1.1750313,9.132352,-10.284336,5.7302575,-4.811712,2.2102032,9.780751,5.6108418,13.634786,-27.370043,65.749245,-5.3485084,-0.07052981,9.343413,4.219999,-10.13113,26.636263,68.71844,-0.5077646,-1.0396405,-13.146327
604,-0.8792890906333923,2.737025260925293,78.39704895019531,-0.956929723900891,-4.301775212595763,-89.35749351569264,11.140011,8.955652,15.756718,7.694861,-12.832393,-8.320308,6.3692384,-3.762719,-1.1674186,9.131703,-10.272121,5.738991,-4.837075,2.2152689,9.78346,5.599258,13.634326,-27.384281,65.747375,-5.3458843,-0.085467555,9.355791,4.218105,-10.137967,26.625376,68.762985,-0.52511406,-1.0429527,-13.16034
605,-0.8682977557182312,2.72953724861145,78.39618682861328,-0.9593606486106739,-4.306353411406993,-89.36697143323865,11.155289,8.951457,15.767962,7.695062,-12.839148,-8.314631,6.3763657,-3.7663074,-1.160814,9.134113,-10.268125,5.743052,-4.814088,2.2366393,9.808772,5.5557694,13.630019,-27.44048,65.754745,-5.333002,-0.08766148,9.371662,4.2683754,-10.17542,26.489134,68.734276,-0.53783363,-1.0419006,-13.161547
606,-0.8625146746635437,2.7242462635040283,78.39443969726562,-0.9598098275235227,-4.31789570658411,-89.37628527543478,11.178352,8.945832,15.781315,7.695183,-12.847511,-8.307111,6.388868,-3.7720819,-1.1548254,9.1425,-10.270994,5.7446666,-4.819118,2.2482722,9.842905,5.5329714,13.625988,-27.447918,65.75159,-5.288881,-0.08155727,9.390101,4.3050375,-10.199174,26.344643,68.71048,-0.5338111,-1.0362436,-13.169299
607,-0.8545851111412048,2.719182014465332,78.394287109375,-0.9595759152591843,-4.333563162524006,-89.38295540877432,11.203856,8.939486,15.792787,7.698759,-12.858782,-8.298617,6.4072423,-3.7792416,-1.1512471,9.150303,-10.276499,5.7463117,-4.8112855,2.2614365,9.885148,5.50207,13.619441,-27.450274,65.74899,-5.2427325,-0.07127274,9.407129,4.355126,-10.225248,26.163397,68.66905,-0.52036136,-1.0320649,-13.180086
608,-0.8493496179580688,2.7117223739624023,78.39437103271484,-0.9582208154542483,-4.35050189015421,-89.38439862698579,11.229904,8.931587,15.79887,7.6999803,-12.8685665,-8.290154,6.428329,-3.7877846,-1.1517177,9.157579,-10.283334,5.750552,-4.804547,2.2726252,9.927244,5.4754286,13.610658,-27.430334,65.739716,-5.211942,-0.06086889,9.419911,4.404212,-10.248847,25.996819,68.63302,-0.47991762,-1.0346197,-13.201498
609,-0.8406701683998108,2.703589677810669,78.39372253417969,-0.9544337008999625,-4.369761622010919,-89.3788198839788,11.255891,8.92209,15.797353,7.7019258,-12.878381,-8.281983,6.4545164,-3.798373,-1.1575664,9.163088,-10.291082,5.7584076,-4.81058,2.2773263,9.968192,5.4692087,13.602839,-27.363806,65.707275,-5.2002883,-0.043753326,9.425458,4.443232,-10.262367,25.856422,68.61555,-0.38670206,-1.048557,-13.243375
610,-0.8352173566818237,2.6979007720947266,78.39115905761719,-0.9506868180981921,-4.3923228835382595,-89.36832605996571,11.2838335,8.911465,15.791057,7.7052035,-12.889505,-8.27363,6.4869785,-3.8105764,-1.167229,9.16582,-10.299656,5.7683554,-4.81468,2.278979,10.0140295,5.466867,13.594359,-27.26899,65.66368,-5.197509,-0.020486517,9.42544,4.489092,-10.272133,25.710236,68.59178,-0.2604225,-1.0690296,-13.298362
611,-0.8316372632980347,2.6916656494140625,78.38838958740234,-0.9468244971957421,-4.415074186368882,-89.35508126993136,11.311221,8.899428,15.782008,7.706991,-12.899558,-8.264807,6.5201735,-3.8237677,-1.1793171,9.168358,-10.309705,5.7793784,-4.815355,2.2805855,10.063557,5.45764,13.58301,-27.166103,65.62526,-5.1954994,-0.0049303267,9.423435,4.5304437,-10.282646,25.566395,68.57004,-0.14536259,-1.0908364,-13.35037
612,-0.8247442245483398,2.6866180896759033,78.38871765136719,-0.9419119293914844,-4.433786526529861,-89.34153079276565,11.333906,8.886483,15.771916,7.707248,-12.908292,-8.255169,6.549412,-3.8374102,-1.192391,9.169339,-10.320042,5.7904954,-4.8203664,2.2776449,10.095427,5.4493775,13.576113,-27.101456,65.60847,-5.2181683,-0.010865852,9.432318,4.560733,-10.288844,25.486057,68.57092,-0.048438862,-1.1073971,-13.396426
613,-0.8171055316925049,2.6865217685699463,78.38684844970703,-0.9360925142040579,-4.447769727846184,-89.32690632233506,11.349378,8.872358,15.759966,7.708352,-12.917342,-8.2434635,6.5753183,-3.851606,-1.2081202,9.166459,-10.330821,5.802707,-4.8226495,2.2776663,10.129446,5.4228415,13.563174,-27.049946,65.619606,-5.2399063,-0.05371916,9.448774,4.5726986,-10.303184,25.425114,68.582985,-0.019252578,-1.1158842,-13.421128
614,-0.8111310005187988,2.682034492492676,78.38704681396484,-0.9289291773496767,-4.457937257075317,-89.3106418054367,11.359339,8.856746,15.745809,7.709159,-12.92598,-8.230341,6.5982594,-3.866905,-1.2263589,9.162022,-10.343035,5.816065,-4.8235836,2.2702086,10.143183,5.404499,13.560939,-27.041708,65.64433,-5.297691,-0.12080774,9.47901,4.578338,-10.306741,25.42199,68.61832,-0.00078606355,-1.1189564,-13.445859
615,-0.8059974908828735,2.675408124923706,78.3863296508789,-0.9230743357986109,-4.467374422404518,-89.29433822535638,11.368824,8.841182,15.73118,7.708469,-12.932903,-8.218078,6.6196165,-3.881893,-1.243827,9.157751,-10.35447,5.828344,-4.8290462,2.2659583,10.161248,5.37061,13.552109,-27.030924,65.68473,-5.3459864,-0.18961117,9.503031,4.5784187,-10.322781,25.441242,68.64916,0.00083849684,-1.1228567,-13.45866
616,-0.7989997267723083,2.6716525554656982,78.38408660888672,-0.9178308684054456,-4.4758338646447315,-89.2800545968657,11.378534,8.827541,15.717957,7.70663,-12.936312,-8.209233,6.6374283,-3.8953233,-1.2567642,9.157408,-10.364369,5.8370957,-4.8344846,2.2652931,10.174826,5.341807,13.543008,-27.02739,65.7141,-5.3749156,-0.22999509,9.517056,4.5864477,-10.342774,25.476734,68.66908,0.003971677,-1.1300938,-13.46511
617,-0.7920331954956055,2.669828414916992,78.3825454711914,-0.9161071219777335,-4.4852078253233865,-89.26797042685574,11.390145,8.81619,15.706432,7.704653,-12.93514,-8.20517,6.651666,-3.9070323,-1.2626368,9.163699,-10.372009,5.8408213,-4.8322926,2.2671278,10.189668,5.3077445,13.536954,-27.033361,65.734344,-5.372592,-0.2310342,9.511385,4.5934653,-10.35962,25.514769,68.687614,-0.0031138465,-1.1471308,-13.462995
618,-0.7825899124145508,2.666726589202881,78.38301849365234,-0.9143390718862556,-4.494396620972352,-89.25709330207158,11.399866,8.807657,15.695055,7.706514,-12.932464,-8.204405,6.6644707,-3.917021,-1.2641634,9.171159,-10.37684,5.841061,-4.835671,2.2761052,10.20325,5.2719955,13.526296,-27.046284,65.75302,-5.354491,-0.20977858,9.494417,4.612748,-10.392439,25.58639,68.68385,-0.008173801,-1.1673641,-13.451576
619,-0.7728421688079834,2.6614139080047607,78.38337707519531,-0.9135351223762969,-4.501297614345613,-89.2478696727089,11.409249,8.799013,15.68522,7.7051067,-12.928421,-8.204859,6.6726103,-3.9267037,-1.2644662,9.182043,-10.3822975,5.8401146,-4.833745,2.2857113,10.213925,5.2357373,13.517471,-27.06413,65.76668,-5.3270173,-0.17789152,9.474061,4.6290545,-10.4240465,25.653194,68.68409,-0.023167023,-1.188692,-13.432293
620,-0.7674633860588074,2.65942120552063,78.38121032714844,-0.913737240825392,-4.503883503971825,-89.24039657405605,11.415073,8.790164,15.676815,7.7019916,-12.927335,-8.204728,6.6778946,-3.9361956,-1.2674356,9.188041,-10.38638,5.8402953,-4.8278627,2.2929099,10.218218,5.20339,13.512577,-27.081413,65.7742,-5.30266,-0.14844371,9.460462,4.6387467,-10.444808,25.702568,68.697075,-0.04414103,-1.2063711,-13.407524
621,-0.7590948343276978,2.653292417526245,78.38032531738281,-0.9130662294947735,-4.500299061381969,-89.23561884400713,11.41632,8.780788,15.670736,7.697626,-12.931696,-8.203327,6.678198,-3.9461312,-1.27495,9.189939,-10.39083,5.8415685,-4.830668,2.303127,10.212461,5.1852007,13.505432,-27.094564,65.76743,-5.2897153,-0.11968271,9.458502,4.6589813,-10.479695,25.766909,68.69738,-0.045162164,-1.2185506,-13.372431
622,-0.7517187595367432,2.649409055709839,78.37895965576172,-0.911459302676952,-4.492378106925008,-89.2334222020225,11.414257,8.771386,15.6668825,7.6913047,-12.938112,-8.201843,6.6740108,-3.9560723,-1.284583,9.190413,-10.395515,5.842941,-4.8340216,2.317098,10.203427,5.1723285,13.497493,-27.103645,65.7484,-5.274091,-0.0861479,9.459427,4.681927,-10.525696,25.8289,68.69201,-0.045656342,-1.2293841,-13.324687
623,-0.7405217885971069,2.6461386680603027,78.37775421142578,-0.9110457415730321,-4.481908627518173,-89.2314362788556,11.409695,8.76238,15.663068,7.6847777,-12.945853,-8.200563,6.6679664,-3.9651184,-1.2939767,9.188413,-10.398331,5.8452635,-4.8347626,2.3298614,10.189193,5.161643,13.491923,-27.114758,65.730225,-5.259908,-0.05733669,9.463638,4.7020416,-10.563272,25.875158,68.692375,-0.056285173,-1.2343469,-13.277272
624,-0.7345935106277466,2.6358115673065186,78.37855529785156,-0.9109428736123601,-4.4705303691550595,-89.22756055803347,11.404541,8.753086,15.658213,7.674731,-12.950565,-8.200015,6.660834,-3.9733155,-1.3002279,9.187345,-10.399987,5.849399,-4.8348575,2.3370316,10.17031,5.1533027,13.489877,-27.123156,65.7228,-5.245779,-0.042986214,9.469527,4.711075,-10.578767,25.894135,68.71048,-0.09045232,-1.2296536,-13.241353
625,-0.7259272336959839,2.635165214538574,78.37786865234375,-0.9140102110507291,-4.456189669824316,-89.22025528683487,11.395258,8.744875,15.650667,7.6628885,-12.95231,-8.202458,6.652862,-3.9786294,-1.3022789,9.181779,-10.395603,5.8564262,-4.8433366,2.3505378,10.147389,5.1543975,13.485314,-27.131508,65.72052,-5.236237,-0.051468056,9.479922,4.740966,-10.610059,25.903976,68.69466,-0.14109,-1.2035102,-13.212767
626,-0.7139624357223511,2.623976469039917,78.38098907470703,-0.9158366217195733,-4.439115752233843,-89.21110268392242,11.380974,8.737731,15.641506,7.6523137,-12.954037,-8.206981,6.6425157,-3.9821188,-1.3015513,9.175568,-10.388582,5.865507,-4.8546157,2.361631,10.118292,5.1596212,13.482223,-27.135256,65.72697,-5.224152,-0.07549016,9.493367,4.7610784,-10.627603,25.893213,68.69275,-0.21561843,-1.1651093,-13.190868
627,-0.7100347876548767,2.6168572902679443,78.380126953125,-0.9186761128791134,-4.423014193388719,-89.2021740856898,11.368785,8.730045,15.633027,7.640314,-12.955332,-8.20899,6.6336594,-3.985974,-1.3000243,9.168275,-10.381526,5.87511,-4.8598223,2.3781946,10.091968,5.163202,13.475664,-27.143423,65.73416,-5.218509,-0.10276352,9.50669,4.798908,-10.6573515,25.858759,68.66497,-0.2921218,-1.1239513,-13.171334
628,-0.7045947313308716,2.615417957305908,78.37926483154297,-0.9177905787466701,-4.411877613516477,-89.1954949616553,11.35978,8.72131,15.626483,7.636036,-12.96158,-8.203906,6.6284275,-3.993048,-1.2994027,9.165437,-10.381188,5.8834715,-4.8740044,2.3818297,10.063829,5.1767354,13.473425,-27.14009,65.73875,-5.2268033,-0.12053097,9.5195055,4.8182354,-10.665298,25.839357,68.66411,-0.33825758,-1.0935982,-13.167532
629,-0.6986840963363647,2.6062393188476562,78.37771606445312,-0.9159361812614453,-4.40624036300622,-89.19181878582852,11.357241,8.710297,15.6229315,7.6369467,-12.973818,-8.186144,6.6271033,-4.0044975,-1.2995887,9.167546,-10.389322,5.8891706,-4.8663864,2.3914657,10.049045,5.1811666,13.463797,-27.137968,65.73505,-5.2432213,-0.12314118,9.528586,4.871474,-10.6967,25.779043,68.61324,-0.37984502,-1.0712143,-13.162668
630,-0.6900781989097595,2.604591131210327,78.37664794921875,-0.9102537435850364,-4.404143278199036,-89.18970583091621,11.35717,8.697986,15.6204605,7.6438084,-12.990845,-8.159745,6.6281166,-4.0189776,-1.3000958,9.173832,-10.403657,5.8933825,-4.8740506,2.3890347,10.026852,5.2025695,13.459146,-27.124062,65.72733,-5.2827415,-0.118419915,9.539305,4.900384,-10.708193,25.748566,68.59781,-0.38867033,-1.0561986,-13.17261
631,-0.6792486906051636,2.597987174987793,78.37747192382812,-0.9050521463221399,-4.405734020086851,-89.18905215208379,11.361579,8.685486,15.6202545,7.650959,-13.007068,-8.133904,6.632851,-4.034217,-1.3010366,9.180355,-10.418893,5.8987026,-4.873758,2.3916752,10.017981,5.217558,13.449244,-27.105286,65.716225,-5.3095956,-0.11239688,9.544916,4.9502826,-10.73125,25.678133,68.5477,-0.39921004,-1.0465553,-13.186208
632,-0.6752960681915283,2.593604564666748,78.37370300292969,-0.8985408364216129,-4.4107919862686495,-89.18900573361279,11.371807,8.6727085,15.621854,7.653817,-13.017103,-8.117653,6.6429706,-4.049328,-1.3036019,9.182504,-10.429762,5.9078407,-4.887839,2.3902142,10.006698,5.242261,13.443363,-27.090162,65.70758,-5.335013,-0.11255644,9.548574,4.9838915,-10.742869,25.608116,68.52548,-0.3763665,-1.0499104,-13.217208
633,-0.6667709946632385,2.586303472518921,78.37456512451172,-0.8921754270760233,-4.421197110339312,-89.1893268585626,11.391776,8.658253,15.626195,7.648232,-13.016247,-8.1151085,6.6603384,-4.0654016,-1.3095392,9.181308,-10.436247,5.9239726,-4.8981557,2.3934872,10.004643,5.259633,13.43475,-27.086365,65.70646,-5.346194,-0.122015454,9.545831,5.021453,-10.756471,25.475765,68.50448,-0.3315058,-1.0745819,-13.266227
634,-0.6599371433258057,2.5788064002990723,78.3747787475586,-0.8847945295027909,-4.436173746828282,-89.19053650249671,11.419601,8.642822,15.633248,7.637738,-13.008647,-8.120843,6.6832147,-4.0824857,-1.3178796,9.179113,-10.441034,5.9448953,-4.9146705,2.3947008,10.004852,5.2810354,13.427539,-27.087145,65.70851,-5.3548923,-0.13674803,9.540034,5.0566344,-10.763209,25.319967,68.49336,-0.256014,-1.1153238,-13.33505
635,-0.6545069217681885,2.5747251510620117,78.37303161621094,-0.8784408576377066,-4.4525474221897525,-89.192712049446,11.44909,8.628327,15.641031,7.6264505,-13.000498,-8.129674,6.70792,-4.098135,-1.3248308,9.174752,-10.443756,5.964996,-4.9151635,2.3987978,10.007272,5.287692,13.41958,-27.111034,65.721115,-5.3606052,-0.15188915,9.532227,5.0948,-10.765595,25.139397,68.482445,-0.18753304,-1.1567469,-13.402142
636,-0.6476778984069824,2.5692389011383057,78.37030029296875,-0.8748224208199329,-4.466305853438145,-89.19601642964696,11.474433,8.61735,15.647759,7.617715,-12.997518,-8.136318,6.7275786,-4.1091976,-1.3267378,9.174021,-10.447668,5.97872,-4.9250565,2.4016547,10.005937,5.3035145,13.414651,-27.130896,65.72594,-5.3595014,-0.1624199,9.524833,5.1133842,-10.764816,25.011473,68.48724,-0.13174604,-1.1821675,-13.453716
637,-0.6415491104125977,2.5698461532592773,78.36827087402344,-0.876101882122915,-4.475914282590072,-89.20078201328413,11.493633,8.611426,15.652905,7.61045,-13.001183,-8.141301,6.7394533,-4.1135798,-1.3208485,9.177695,-10.453078,5.9824476,-4.931019,2.40759,10.002197,5.3155975,13.41149,-27.160082,65.72812,-5.3445377,-0.16593893,9.5152235,5.121932,-10.763495,24.921299,68.49517,-0.10534737,-1.1848615,-13.481429
638,-0.6331233978271484,2.5649261474609375,78.36808776855469,-0.8806537685194142,-4.482891977204124,-89.20600548514952,11.50797,8.609424,15.6564,7.6053834,-13.009074,-8.1467,6.7477326,-4.1130843,-1.3107227,9.181648,-10.45772,5.979898,-4.9600844,2.4090538,9.996972,5.3329515,13.410682,-27.171818,65.73001,-5.3189254,-0.16642094,9.502687,5.116226,-10.76317,24.893871,68.50661,-0.07711199,-1.1732076,-13.498586
639,-0.6232147812843323,2.5575149059295654,78.3683853149414,-0.8853999857084891,-4.491524638373273,-89.21389026980657,11.525111,8.607986,15.662074,7.600592,-13.018586,-8.150074,6.755895,-4.11157,-1.2973038,9.1880045,-10.463014,5.9762554,-4.9538565,2.4227893,9.995383,5.349034,13.410049,-27.217379,65.71749,-5.2914624,-0.16404045,9.492321,5.1083117,-10.762639,24.8276,68.52596,-0.08577554,-1.1575632,-13.500615
640,-0.6170068979263306,2.5559890270233154,78.36582946777344,-0.8889233630337392,-4.502924910161519,-89.22216278804508,11.544309,8.60508,15.668976,7.5978813,-13.027098,-8.148716,6.766854,-4.112562,-1.2862016,9.19327,-10.467315,5.976835,-4.935835,2.4311981,9.996284,5.3465576,13.41033,-27.277327,65.72447,-5.289555,-0.1652155,9.487571,5.110031,-10.762589,24.771568,68.53308,-0.0934289,-1.1437857,-13.499771
641,-0.6096941232681274,2.556520700454712,78.36566925048828,-0.8889285565744552,-4.519245422558473,-89.23251585870663,11.567255,8.600125,15.678742,7.601055,-13.035264,-8.139806,6.783486,-4.117541,-1.2769213,9.19563,-10.469624,5.9842052,-4.938282,2.4299214,10.005317,5.354881,13.410674,-27.297499,65.72726,-5.298473,-0.17442961,9.486079,5.0951405,-10.76311,24.767166,68.546425,-0.098192066,-1.1288519,-13.495194
642,-0.6063570380210876,2.5584261417388916,78.36299896240234,-0.8875198159000408,-4.538771235539626,-89.24427702640536,11.592436,8.593866,15.690378,7.607951,-13.043874,-8.125277,6.801887,-4.124975,-1.2680991,9.199632,-10.472215,5.9953704,-4.930904,2.4286852,10.015952,5.3626246,13.411966,-27.333447,65.72945,-5.330192,-0.18774834,9.491128,5.07664,-10.764988,24.779432,68.56346,-0.10624,-1.1113921,-13.483315
643,-0.6033059358596802,2.5589356422424316,78.35945129394531,-0.8857340467860267,-4.558727677505602,-89.2567126095234,11.618208,8.588232,15.702749,7.614824,-13.052864,-8.110544,6.8202085,-4.1317315,-1.2595012,9.204216,-10.474609,6.006419,-4.92748,2.426152,10.028773,5.3700857,13.413404,-27.359875,65.73412,-5.361856,-0.19738151,9.4977045,5.05553,-10.767303,24.804777,68.57857,-0.116597235,-1.0981365,-13.468483
644,-0.5902356505393982,2.555710792541504,78.36266326904297,-0.8866557307058746,-4.576421277169047,-89.2685849370812,11.64139,8.585566,15.714746,7.620181,-13.063599,-8.101134,6.836791,-4.134898,-1.2510173,9.207205,-10.475698,6.013634,-4.928419,2.4263287,10.039642,5.3794003,13.414834,-27.38147,65.74111,-5.3846216,-0.19489834,9.505663,5.035554,-10.769864,24.832067,68.5902,-0.12188583,-1.0965892,-13.455936
645,-0.5827401876449585,2.5563414096832275,78.35856628417969,-0.8944291368531506,-4.589046574005722,-89.27936724053073,11.661209,8.587749,15.725934,7.617781,-13.074943,-8.100846,6.8481054,-4.131888,-1.2433066,9.2091875,-10.474255,6.0149093,-4.9355025,2.4321299,10.0422,5.3938136,13.417493,-27.40877,65.750946,-5.4068384,-0.17158593,9.519286,5.022148,-10.775767,24.871304,68.59414,-0.11015842,-1.1122298,-13.4466715
646,-0.5726761817932129,2.5527591705322266,78.35993957519531,-0.9044873444110536,-4.59860523363076,-89.28954924401894,11.676772,8.593525,15.736233,7.615727,-13.089549,-8.1059,6.855896,-4.1246924,-1.2365083,9.21188,-10.472242,6.012554,-4.938281,2.440372,10.049604,5.3975368,13.418077,-27.420198,65.76929,-5.406332,-0.13535647,9.531496,5.0106444,-10.777425,24.88551,68.5881,-0.117584944,-1.1389858,-13.43469
647,-0.5705996155738831,2.548814296722412,78.35872650146484,-0.9141753925874939,-4.6104938052882485,-89.30050361476728,11.695474,8.598982,15.747954,7.612341,-13.102775,-8.110685,6.8667593,-4.117733,-1.2283144,9.212748,-10.469714,6.0097156,-4.944202,2.450168,10.051121,5.4071198,13.419569,-27.45157,65.78876,-5.4245563,-0.097112134,9.548388,4.9955454,-10.783145,24.925285,68.59416,-0.10301211,-1.1725198,-13.4259
648,-0.5597888827323914,2.5488548278808594,78.35533905029297,-0.9185096852513662,-4.62686233063081,-89.31236043252059,11.718861,8.598746,15.761861,7.611794,-13.112603,-8.108985,6.88101,-4.1167374,-1.2175283,9.217135,-10.470942,6.0097156,-4.9482083,2.454817,10.056918,5.41629,13.421174,-27.479113,65.81001,-5.4366736,-0.075993955,9.557394,4.9853477,-10.788702,24.958399,68.59589,-0.095886536,-1.1976693,-13.42086
649,-0.5489874482154846,2.5449414253234863,78.35610961914062,-0.9156011209356086,-4.652228836372917,-89.32598778774711,11.751659,8.590205,15.779606,7.616134,-13.1187,-8.097137,6.902471,-4.124376,-1.2020371,9.22796,-10.479123,6.0145063,-4.948935,2.4529698,10.072804,5.422203,13.423156,-27.507032,65.83323,-5.4430423,-0.07792574,9.556189,4.9730477,-10.793136,24.987131,68.60214,-0.102164246,-1.2151973,-13.419416
650,-0.5390049815177917,2.5429766178131104,78.35768127441406,-0.9075056864999822,-4.68361917119894,-89.34091074373768,11.791387,8.576242,15.800207,7.6216354,-13.1212435,-8.079127,6.9288177,-4.1376123,-1.1831949,9.242301,-10.491344,6.021974,-4.947115,2.4465356,10.09035,5.428586,13.426888,-27.545465,65.85999,-5.4533772,-0.093975216,9.550439,4.9616776,-10.798738,25.023123,68.613525,-0.10779436,-1.2298474,-13.422609
651,-0.5352526307106018,2.5462615489959717,78.35767364501953,-0.8975523505643409,-4.714761440917785,-89.35609581946548,11.830062,8.5612755,15.820727,7.628752,-13.122548,-8.060239,6.9546866,-4.152094,-1.1642083,9.256636,-10.503596,6.029263,-4.9447303,2.43913,10.109186,5.4355,13.430287,-27.57582,65.88519,-5.4584937,-0.113954574,9.541329,4.9538126,-10.802284,25.047714,68.61976,-0.11380195,-1.2409333,-13.426696
652,-0.5333034992218018,2.549423933029175,78.3571548461914,-0.8897908104999719,-4.740137314292623,-89.3704537428422,11.862731,8.548993,15.838503,7.632366,-13.122144,-8.045835,6.9743767,-4.1636662,-1.1481271,9.268818,-10.512569,6.033615,-4.9412575,2.4337695,10.119419,5.4459677,13.435476,-27.605518,65.907684,-5.4659295,-0.12831284,9.533247,4.9560122,-10.806261,25.062748,68.615875,-0.10489355,-1.2484924,-13.430832
653,-0.5305958390235901,2.5505621433258057,78.35588073730469,-0.8864606050051743,-4.757564723639237,-89.38358220714815,11.884541,8.54091,15.852308,7.6378927,-13.122393,-8.037545,6.983682,-4.1718535,-1.136387,9.282565,-10.519644,6.032142,-4.9418797,2.4301887,10.124592,5.4583707,13.440247,-27.61461,65.92702,-5.4629927,-0.13309778,9.524643,4.963546,-10.808711,25.051977,68.60016,-0.08431353,-1.2517499,-13.432557
654,-0.5269582271575928,2.5521180629730225,78.35651397705078,-0.8816787874240277,-4.770449052580793,-89.39636847748385,11.901826,8.534547,15.863957,7.639774,-13.119151,-8.032559,6.9874706,-4.1784234,-1.1270032,9.296147,-10.525151,6.027065,-4.93671,2.428425,10.127957,5.4705424,13.446309,-27.61886,65.940475,-5.4562564,-0.1332122,9.513753,4.9829235,-10.809842,25.012058,68.56783,-0.05925865,-1.2510511,-13.432166
655,-0.5213046073913574,2.5533323287963867,78.35575103759766,-0.8805265334650436,-4.78087917068753,-89.40862230562301,11.916725,8.529185,15.874454,7.639491,-13.115544,-8.029228,6.989519,-4.1837,-1.1183935,9.306647,-10.527905,6.02314,-4.9242177,2.4279044,10.13056,5.4784417,13.453054,-27.618708,65.9555,-5.4417925,-0.13436715,9.500815,5.0076714,-10.808872,24.95579,68.53057,-0.04011448,-1.2481202,-13.430984
656,-0.5167002081871033,2.5566294193267822,78.35578155517578,-0.878719440088047,-4.790875865699728,-89.42080576277547,11.930424,8.524687,15.884466,7.639695,-13.115359,-8.026096,6.9930615,-4.1876173,-1.1086928,9.312369,-10.527452,6.0251083,-4.916942,2.4293194,10.12901,5.492676,13.456036,-27.608667,65.97032,-5.423542,-0.14204672,9.48823,5.0251307,-10.80728,24.925537,68.507385,-0.021579899,-1.2450991,-13.432272
657,-0.511315107345581,2.5581789016723633,78.35690307617188,-0.880533036861361,-4.799217759998416,-89.43258966837361,11.940642,8.522364,15.893168,7.6413045,-13.120449,-8.022631,6.9988146,-4.1890154,-1.0975673,9.309143,-10.520434,6.0371876,-4.9026785,2.435331,10.1255245,5.5077057,13.457949,-27.59309,65.98519,-5.3933816,-0.16371594,9.470218,5.040799,-10.805418,24.904444,68.49285,-0.011452571,-1.2428048,-13.435594
658,-0.5051525831222534,2.559464693069458,78.35795593261719,-0.8833261792909513,-4.805957440046024,-89.44427726627318,11.950167,8.5209675,15.901016,7.6385674,-13.1262865,-8.019642,7.005435,-4.1884165,-1.085649,9.298678,-10.5078125,6.0559015,-4.883621,2.4419801,10.129635,5.5280733,13.462557,-27.545385,65.986275,-5.3268476,-0.19379032,9.441932,5.059406,-10.799843,24.865614,68.470146,-0.030443875,-1.239071,-13.436554
659,-0.49924322962760925,2.5627455711364746,78.3570785522461,-0.8863567106655503,-4.8130948834064045,-89.4557822401223,11.959639,8.519728,15.909063,7.637125,-13.133405,-8.017837,7.0121846,-4.187945,-1.073519,9.28955,-10.496977,6.0744023,-4.86828,2.4489625,10.127918,5.549916,13.46581,-27.506193,65.990234,-5.279267,-0.21924289,9.421381,5.072515,-10.7950325,24.850502,68.4605,-0.041702364,-1.2347766,-13.438092
660,-0.4950571358203888,2.563311815261841,78.35419464111328,-0.8877469404606515,-4.823499202723987,-89.46734938341712,11.974572,8.516588,15.919567,7.6323247,-13.135947,-8.018093,7.020763,-4.189374,-1.0615633,9.285686,-10.492583,6.0858727,-4.8592153,2.452699,10.130005,5.5691614,13.46947,-27.471008,65.99176,-5.2541733,-0.22599974,9.412638,5.079731,-10.789571,24.846832,68.45626,-0.06224086,-1.229253,-13.433307
661,-0.4886578321456909,2.567094087600708,78.3530044555664,-0.8867362267713633,-4.837911664908341,-89.47955159486393,11.994713,8.512116,15.934276,7.6295123,-13.13568,-8.022648,7.031311,-4.193223,-1.0496075,9.290252,-10.498388,6.086763,-4.8461733,2.4564583,10.133177,5.578117,13.470745,-27.459513,65.99572,-5.271923,-0.20295094,9.424211,5.084348,-10.787845,24.848955,68.45847,-0.09660153,-1.2225181,-13.417085
662,-0.4822588562965393,2.5681073665618896,78.35154724121094,-0.8852329406309342,-4.854419834345135,-89.49210168512803,12.01719,8.506809,15.951611,7.627902,-13.133417,-8.030401,7.0429535,-4.198427,-1.0374445,9.298814,-10.510037,6.081277,-4.8319426,2.4585369,10.138858,5.583716,13.472028,-27.450645,65.99712,-5.3081055,-0.16208217,9.447121,5.088193,-10.786611,24.853836,68.46217,-0.14742573,-1.2140224,-13.393783
663,-0.4761461019515991,2.564208507537842,78.3492202758789,-0.8817426210778042,-4.875477058134502,-89.50543109166209,12.050028,8.497857,15.97066,7.6151447,-13.126113,-8.037039,7.0557704,-4.2056994,-1.0238853,9.315135,-10.526693,6.074415,-4.837158,2.4542625,10.149753,5.603018,13.475711,-27.429771,65.982216,-5.3499403,-0.10981787,9.476676,5.08563,-10.784636,24.880096,68.46862,-0.20283444,-1.2035513,-13.369002
664,-0.47213760018348694,2.569969654083252,78.34883880615234,-0.8802230570847991,-4.89335159965479,-89.5130272093387,12.072646,8.490064,15.980787,7.6110373,-13.124425,-8.037944,7.0680585,-4.212635,-1.0155089,9.325449,-10.5374,6.0707164,-4.839992,2.4547758,10.161232,5.608789,13.478965,-27.428064,65.98309,-5.379198,-0.081180826,9.496434,5.0807986,-10.783673,24.90392,68.47817,-0.23229705,-1.1961943,-13.356319
665,-0.4668784737586975,2.57694673538208,78.3470687866211,-0.8763208728148698,-4.908844526230707,-89.5144988637682,12.086383,8.480594,15.979797,7.613193,-13.128381,-8.0294,7.078262,-4.2213383,-1.0124649,9.333739,-10.543701,6.0718865,-4.860944,2.4522653,10.169768,5.619573,13.489586,-27.446514,65.98671,-5.398199,-0.07555364,9.509,5.067825,-10.781798,24.963648,68.49687,-0.21170571,-1.1914837,-13.364657
666,-0.4618440270423889,2.583385705947876,78.34590911865234,-0.8717148920600624,-4.923528913467447,-89.51148328352899,12.095941,8.46939,15.971421,7.617234,-13.134506,-8.014631,7.087811,-4.231634,-1.0132518,9.34134,-10.547985,6.075257,-4.8778443,2.4497352,10.181744,5.6223845,13.508624,-27.492622,65.99219,-5.4123893,-0.081851415,9.516665,5.0589013,-10.77936,25.018774,68.51035,-0.17305087,-1.188562,-13.382934
667,-0.45965808629989624,2.5918102264404297,78.34410858154297,-0.8690320410267941,-4.938731765274006,-89.50724575767329,12.105727,8.459449,15.962359,7.621168,-13.141167,-7.9996963,7.0986433,-4.240645,-1.0147856,9.347353,-10.550195,6.079254,-4.8881087,2.4505243,10.195455,5.613935,13.5222645,-27.543018,66.00962,-5.424624,-0.09804456,9.520136,5.054638,-10.777893,25.059189,68.520905,-0.13887802,-1.1857971,-13.401457
668,-0.45159369707107544,2.5932674407958984,78.34857940673828,-0.8676033043146675,-4.955125686323544,-89.50515462736472,12.117698,8.454314,15.958737,7.6269193,-13.148113,-7.990713,7.111312,-4.2459974,-1.0138443,9.352769,-10.551106,6.0825,-4.894194,2.454789,10.211003,5.608554,13.528115,-27.568277,66.025665,-5.437819,-0.11872175,9.520087,5.053504,-10.777541,25.080091,68.53004,-0.13222009,-1.1806686,-13.412348
669,-0.4456900954246521,2.5954291820526123,78.34963989257812,-0.8705541851109596,-4.973470235873843,-89.50618933801724,12.136384,8.455307,15.964461,7.6286163,-13.152045,-7.992302,7.127747,-4.2454224,-1.0088238,9.355391,-10.54893,6.0846267,-4.887545,2.4589868,10.215747,5.6108146,13.53914,-27.599466,66.043274,-5.4957795,-0.15293637,9.517968,5.066334,-10.777029,25.10956,68.53931,-0.1349323,-1.1705005,-13.419559
670,-0.443025678396225,2.5952436923980713,78.34941101074219,-0.8756021897069297,-4.992715199138325,-89.50870061828645,12.159434,8.460329,15.975698,7.626196,-13.153183,-8.000284,7.145678,-4.2408957,-1.0014857,9.357477,-10.544841,6.0864406,-4.876689,2.4632418,10.220131,5.6265984,13.555439,-27.61724,66.04616,-5.568417,-0.19733527,9.51049,5.0878325,-10.77653,25.134916,68.54194,-0.15276146,-1.1565131,-13.423752
671,-0.4387242794036865,2.597346782684326,78.3507080078125,-0.8815608881630317,-5.012808139444705,-89.5112893121953,12.182362,8.466164,15.987142,7.62628,-13.155993,-8.007227,7.1650147,-4.2360163,-0.9944863,9.358957,-10.540889,6.087924,-4.8674836,2.4691498,10.227382,5.637548,13.563266,-27.62006,66.05619,-5.627498,-0.2382873,9.50128,5.104412,-10.776486,25.144522,68.54897,-0.17872073,-1.1451257,-13.422628
672,-0.43549948930740356,2.606626510620117,78.34906768798828,-0.8839040626597139,-5.032779411443183,-89.51275481061253,12.2025,8.468785,15.994087,7.629875,-13.161818,-8.005763,7.183493,-4.2342863,-0.99029166,9.3625145,-10.540343,6.089086,-4.866964,2.4683216,10.233765,5.6578627,13.579927,-27.623068,66.05727,-5.667324,-0.25925538,9.493275,5.1254864,-10.776687,25.154394,68.54802,-0.18099706,-1.1409755,-13.418614
673,-0.4319595694541931,2.6103227138519287,78.34896087646484,-0.884434351513749,-5.052208835797578,-89.51330309360343,12.216052,8.468627,15.994735,7.6424837,-13.17533,-7.990694,7.2005754,-4.2359757,-0.98980397,9.368308,-10.544804,6.0887294,-4.876519,2.466207,10.241115,5.6751733,13.591058,-27.625263,66.062935,-5.6725864,-0.24951589,9.489947,5.143489,-10.776756,25.146389,68.54437,-0.15817557,-1.1455687,-13.409799
674,-0.4298250675201416,2.608517646789551,78.34870910644531,-0.8830087308470789,-5.071549385163424,-89.51355175716013,12.227567,8.466218,15.992359,7.657487,-13.192252,-7.967005,7.216373,-4.2398896,-0.9913389,9.3767185,-10.552976,6.087363,-4.888085,2.4611712,10.248229,5.691151,13.603252,-27.629385,66.07031,-5.658115,-0.21998776,9.487674,5.1648083,-10.776933,25.122168,68.53526,-0.119233295,-1.1563152,-13.396176
675,-0.42627760767936707,2.6118485927581787,78.34944152832031,-0.8789004645941859,-5.091643460298115,-89.51236728687019,12.240019,8.461516,15.987983,7.6718354,-13.207017,-7.942654,7.234419,-4.24595,-0.994596,9.3832,-10.560691,6.087165,-4.893787,2.4530685,10.256708,5.70428,13.6199465,-27.64,66.078514,-5.6371403,-0.18737483,9.484711,5.1905727,-10.77724,25.086493,68.523636,-0.082473174,-1.1728455,-13.379306
676,-0.42737507820129395,2.6189560890197754,78.34487915039062,-0.8739757705685185,-5.113303857181363,-89.50950663662422,12.257504,8.454148,15.983803,7.679383,-13.21167,-7.925867,7.2544675,-4.2543817,-0.998118,9.38997,-10.566831,6.0904636,-4.8978977,2.4427943,10.264154,5.715823,13.630031,-27.649176,66.092926,-5.6204143,-0.16724326,9.483608,5.2148476,-10.7779665,25.067375,68.52139,-0.05745977,-1.1937218,-13.365204
677,-0.42724478244781494,2.6243677139282227,78.34244537353516,-0.8648528816296028,-5.137953000653396,-89.50317250495932,12.280451,8.442171,15.979007,7.6839547,-13.204622,-7.920165,7.2784696,-4.268028,-1.0030205,9.397675,-10.570998,6.1001825,-4.8985443,2.427356,10.271832,5.721969,13.636761,-27.657524,66.121666,-5.609212,-0.16907604,9.481645,5.2323227,-10.779173,25.065672,68.53934,-0.04998744,-1.2279365,-13.352191
678,-0.4219093918800354,2.625159978866577,78.34512329101562,-0.8538772965576067,-5.164844657490768,-89.49467006244654,12.310171,8.425827,15.973935,7.680963,-13.1870365,-7.9208264,7.306334,-4.285667,-1.0090722,9.4043455,-10.573453,6.1142287,-4.893559,2.404902,10.280667,5.733104,13.652935,-27.673206,66.145226,-5.6042786,-0.18079367,9.478759,5.26077,-10.784154,25.077745,68.55128,-0.047155064,-1.2716262,-13.340171
679,-0.42120882868766785,2.6262428760528564,78.34544372558594,-0.8409592307381477,-5.190904089714231,-89.48543060914076,12.338605,8.409998,15.967801,7.676642,-13.167275,-7.9231505,7.3335233,-4.302753,-1.0153396,9.410664,-10.575645,6.127829,-4.891888,2.3842027,10.288196,5.7387285,13.657957,-27.679235,66.17682,-5.5933037,-0.19467275,9.478083,5.276686,-10.786482,25.088638,68.57913,-0.056531284,-1.3102405,-13.327969
680,-0.4244665205478668,2.6306607723236084,78.34447479248047,-0.8332246538350727,-5.213038365167088,-89.47704380681188,12.358843,8.399521,15.960773,7.6792555,-13.156746,-7.9223213,7.355889,-4.314557,-1.0205894,9.416583,-10.5789,6.135988,-4.895778,2.3646522,10.289691,5.7591834,13.676357,-27.687416,66.184494,-5.5927925,-0.20075628,9.477255,5.3009267,-10.796932,25.110199,68.59064,-0.058082152,-1.3271749,-13.31447
681,-0.4284304082393646,2.634060859680176,78.3438720703125,-0.8300849670475625,-5.229807936420569,-89.46975157739817,12.369336,8.396204,15.95174,7.6861734,-13.15548,-7.9159346,7.3712697,-4.3184934,-1.0234749,9.422395,-10.5832,6.1360188,-4.899721,2.3524773,10.285958,5.773701,13.688647,-27.691349,66.18951,-5.590719,-0.19495246,9.480128,5.318285,-10.805162,25.109417,68.603615,-0.0774136,-1.3129729,-13.294431
682,-0.42570555210113525,2.6425247192382812,78.34661865234375,-0.8311607625882562,-5.243021692405536,-89.46275270273945,12.374217,8.397275,15.94148,7.6947627,-13.158971,-7.906881,7.382028,-4.3176384,-1.0248268,9.428235,-10.588143,6.13107,-4.9036236,2.3437529,10.276158,5.7846856,13.6963825,-27.69502,66.19523,-5.590052,-0.18267225,9.487114,5.332825,-10.811353,25.10095,68.618935,-0.10737991,-1.2774206,-13.272011
683,-0.4263280928134918,2.6454176902770996,78.34770202636719,-0.8330928193823584,-5.25408208701836,-89.45662959392739,12.376169,8.399523,15.932051,7.703252,-13.163988,-7.8985105,7.3905454,-4.3155107,-1.026569,9.4329405,-10.593151,6.1247935,-4.908661,2.3356133,10.266639,5.7878194,13.697973,-27.696075,66.20592,-5.5893564,-0.17245977,9.493988,5.338264,-10.812871,25.097694,68.64375,-0.13068293,-1.2411425,-13.2590885
684,-0.42680370807647705,2.6488990783691406,78.34811401367188,-0.8319662139460533,-5.267537499333062,-89.45005351591544,12.381099,8.400184,15.923706,7.711251,-13.169119,-7.893995,7.401336,-4.31547,-1.03228,9.437894,-10.599237,6.1208177,-4.9111185,2.3270423,10.253153,5.795526,13.702152,-27.700504,66.21555,-5.584726,-0.16783777,9.496006,5.347791,-10.817122,25.091412,68.6699,-0.15071012,-1.2089764,-13.254355
685,-0.42669907212257385,2.655791759490967,78.34762573242188,-0.831024983219489,-5.280242606014383,-89.44362452661463,12.389101,8.397307,15.918587,7.711162,-13.1706705,-7.894201,7.4139214,-4.3188105,-1.0435324,9.437581,-10.604565,6.121046,-4.9009366,2.319207,10.24322,5.811411,13.716242,-27.71934,66.20239,-5.5826025,-0.17330676,9.489958,5.3783607,-10.832186,25.082998,68.67193,-0.15014099,-1.1920671,-13.272836
686,-0.4260141849517822,2.661226987838745,78.34516906738281,-0.8286911293004268,-5.292899551383442,-89.43739586923185,12.398026,8.393039,15.915239,7.7080526,-13.171998,-7.897397,7.426688,-4.323776,-1.0583458,9.435577,-10.610327,6.1232853,-4.8971457,2.3090014,10.232545,5.8191795,13.721046,-27.725971,66.20202,-5.572819,-0.18689114,9.481121,5.390999,-10.837646,25.087336,68.69751,-0.1349384,-1.183287,-13.312087
687,-0.42632240056991577,2.666703701019287,78.34285736083984,-0.824634357171828,-5.3064711788757215,-89.43229478135565,12.409638,8.388436,15.913364,7.701742,-13.170747,-7.9030175,7.4395714,-4.3286133,-1.0727117,9.434237,-10.615807,6.1247883,-4.894423,2.2990704,10.2245865,5.839265,13.736857,-27.738346,66.183235,-5.5682716,-0.2007187,9.470553,5.4134727,-10.856157,25.10415,68.70735,-0.11094217,-1.177137,-13.349909
688,-0.42758169770240784,2.672919988632202,78.34017944335938,-0.8236718906556499,-5.322643390329775,-89.4288832806663,12.423626,8.38559,15.912209,7.6974854,-13.167104,-7.9105377,7.4522758,-4.331568,-1.082425,9.43751,-10.620593,6.122809,-4.891802,2.2889194,10.224106,5.8534303,13.748431,-27.745564,66.17056,-5.555169,-0.20969002,9.463812,5.4252768,-10.870808,25.116938,68.725525,-0.104680516,-1.1715051,-13.372444
689,-0.42481017112731934,2.6797358989715576,78.34346008300781,-0.8227101627913893,-5.34309470314243,-89.4282590611055,12.441783,8.385202,15.912264,7.6958113,-13.158272,-7.923236,7.465365,-4.332013,-1.0858898,9.447351,-10.625104,6.1140723,-4.8880873,2.2781942,10.232772,5.8573737,13.753002,-27.7523,66.17025,-5.5323806,-0.21333043,9.46279,5.4262414,-10.877262,25.124119,68.75267,-0.12632874,-1.1626244,-13.374787
690,-0.4261726438999176,2.6904377937316895,78.3420639038086,-0.8218664460302311,-5.367615018328627,-89.43013315259601,12.467894,8.384506,15.914705,7.6886864,-13.14291,-7.940092,7.479813,-4.331627,-1.0849571,9.461531,-10.629568,6.100986,-4.883705,2.270688,10.252437,5.8767657,13.770437,-27.771229,66.14275,-5.5168386,-0.2123845,9.463933,5.4382215,-10.903324,25.140152,68.75625,-0.15071754,-1.1520855,-13.360731
691,-0.42952150106430054,2.6971275806427,78.34276580810547,-0.8224160929966629,-5.391415944414969,-89.43214064847449,12.489778,8.385686,15.916094,7.687883,-13.131071,-7.954664,7.493074,-4.3299856,-1.0824347,9.475195,-10.631653,6.0890975,-4.87722,2.2618432,10.27074,5.882482,13.778337,-27.781412,66.13512,-5.4924064,-0.20956838,9.4665165,5.4378443,-10.916595,25.147316,68.77803,-0.18390074,-1.147984,-13.342426
692,-0.43280795216560364,2.7067043781280518,78.34269714355469,-0.8229226175686795,-5.411469641655688,-89.43259184138788,12.504322,8.388329,15.914457,7.689654,-13.124931,-7.960354,7.503952,-4.3274674,-1.0803401,9.484458,-10.629846,6.083977,-4.86885,2.2525036,10.282543,5.885533,13.784201,-27.786184,66.132065,-5.4712462,-0.20270348,9.47094,5.437134,-10.92808,25.151724,68.80382,-0.20562933,-1.154641,-13.326682
693,-0.43601641058921814,2.7154834270477295,78.34574127197266,-0.8257573970594889,-5.425338077791387,-89.42964684363285,12.506443,8.39304,15.907206,7.698276,-13.131099,-7.951448,7.5119767,-4.323641,-1.0791115,9.484278,-10.620392,6.0899563,-4.859254,2.2456372,10.290371,5.8972607,13.792612,-27.782812,66.11075,-5.4583607,-0.18757606,9.476374,5.4508486,-10.948003,25.157734,68.80824,-0.2079874,-1.1771235,-13.304185
694,-0.43845969438552856,2.7212045192718506,78.34318542480469,-0.8299474459650937,-5.435225313142712,-89.42488224950742,12.499922,8.399566,15.896394,7.711307,-13.144637,-7.932798,7.51728,-4.318665,-1.0774226,9.479387,-10.6058445,6.103134,-4.8498893,2.2397366,10.293985,5.9057913,13.800255,-27.768957,66.09281,-5.4473696,-0.1684943,9.48079,5.4631996,-10.97335,25.163994,68.815,-0.2013809,-1.2144023,-13.273379
695,-0.44095608592033386,2.7281317710876465,78.34454345703125,-0.8333294917628052,-5.445062035205034,-89.42079878945799,12.49254,8.406433,15.885978,7.7259765,-13.158492,-7.9134746,7.523552,-4.3135448,-1.0757214,9.471827,-10.589908,6.1168594,-4.846254,2.2356508,10.303442,5.9287367,13.807984,-27.742332,66.053535,-5.430151,-0.14578561,9.486274,5.489139,-11.007357,25.17086,68.793076,-0.18776323,-1.2473466,-13.249902
696,-0.4429371953010559,2.7375400066375732,78.34613037109375,-0.835549971333169,-5.4578975294206,-89.42116217412016,12.492217,8.410612,15.881586,7.737376,-13.1639805,-7.902513,7.5301185,-4.3102784,-1.072907,9.46956,-10.578768,6.1246567,-4.8392982,2.2300544,10.309191,5.9423113,13.811005,-27.720924,66.03764,-5.410739,-0.13142708,9.485175,5.5004597,-11.029595,25.166279,68.796814,-0.16873032,-1.2751422,-13.243817
697,-0.44094446301460266,2.7559924125671387,78.34687805175781,-0.8342421896823505,-5.4755064731114205,-89.42776491472394,12.504774,8.409591,15.885433,7.739058,-13.154298,-7.9028163,7.536682,-4.310455,-1.0684727,9.476561,-10.575938,6.124623,-4.83027,2.220565,10.317134,5.959751,13.811742,-27.697788,66.02714,-5.3761516,-0.123818874,9.477795,5.510209,-11.042178,25.152252,68.80213,-0.14509639,-1.2859308,-13.266745
698,-0.4423272907733917,2.7639000415802,78.34690856933594,-0.8305257723996204,-5.495980743560324,-89.43850958192242,12.523414,8.406092,15.894406,7.738252,-13.136915,-7.9094567,7.5439057,-4.312471,-1.0629063,9.487301,-10.576893,6.120223,-4.821927,2.2105052,10.329675,5.983422,13.811576,-27.663685,66.01341,-5.3257318,-0.12003611,9.463689,5.5199594,-11.054513,25.127922,68.802414,-0.11927153,-1.2877961,-13.305987
699,-0.4442545175552368,2.7708983421325684,78.34626770019531,-0.8275279474179397,-5.517141137247518,-89.45052154078812,12.543859,8.402656,15.90578,7.736161,-13.117784,-7.919417,7.550809,-4.3144937,-1.0572383,9.4999695,-10.579092,6.113257,-4.8178077,2.2038004,10.344144,6.0041704,13.81026,-27.628822,66.00254,-5.2842197,-0.11981357,9.445903,5.524902,-11.071464,25.096973,68.80427,-0.08682893,-1.2907021,-13.347572
700,-0.44632166624069214,2.775847911834717,78.34758758544922,-0.8267073805889389,-5.537457895342829,-89.46057884961877,12.563194,8.401924,15.916949,7.733271,-13.103219,-7.9297056,7.558362,-4.314128,-1.0528154,9.51057,-10.579244,6.105266,-4.8187604,2.1986296,10.350457,6.0174217,13.809542,-27.619696,66.00257,-5.284576,-0.120751,9.435076,5.5241446,-11.078512,25.077286,68.819214,-0.03561048,-1.3015683,-13.386958
